"","Month","Longitude","Latitude","Location","Crime.type","Postcode"
"147973","2015-11",-6.653318,55.146852,"THORNLEA DRIVE","Violence and sexual offences","BT521XB"
"343882","2017-03",-5.682849,54.651688,"HAWTHORNE COURT","Anti-social behaviour","BT203HR"
"474370","2017-12",-5.932499,54.598004,"COLLEGE STREET","Vehicle crime","BT16ET"
"304193","2016-11",-7.277917,54.998614,"DURHAM PARK","Shoplifting","BT475YD"
"386226","2017-06",-5.537567,54.642512,"HIGH STREET","Anti-social behaviour","BT248AB"
"55139","2015-05",-5.93032,54.601597,"NORTH STREET","Anti-social behaviour","BT341DB"
"123525","2015-10",-7.279809,55.003772,"BROIGHTER COURT","Anti-social behaviour","BT476BY"
"201576","2016-04",-5.919668,54.545527,"BESTS HILL","Anti-social behaviour","BT87WH"
"29764","2015-03",-6.354773,54.181469,"LAUREL HILL","Criminal damage and arson","BT358HL"
"425682","2017-08",-6.034546,54.509487,"GREGG STREET MEWS","Other crime","BT275AS"
"195529","2016-03",-5.889179,54.212934,"MAIN STREET","Possession of weapons","BT936HW"
"335543","2017-02",-5.764016,54.648605,"BALLYMONEY ROAD","Anti-social behaviour","BT435BY"
"53180","2015-05",-6.709853,55.187933,"STATION ROAD","Anti-social behaviour","BT41RF"
"398268","2017-07",-5.664746,54.629317,"STONEBRIDGE GARDENS","Anti-social behaviour","BT237QX"
"155035","2015-12",-5.988564,54.5754,"SOUTH LINK","Criminal damage and arson","BT118GX"
"331168","2017-01",-6.478183,55.124138,"MCARTHUR AVENUE","Other crime","BT538BH"
"373819","2017-05",-6.700018,55.180399,"DUNSUIVNISH AVENUE","Anti-social behaviour","BT557EP"
"438147","2017-09",-5.966337,54.602459,"SPRINGFIELD ROAD","Violence and sexual offences","BT205BZ"
"42349","2015-04",-6.335043,54.171593,"COURTNEY HILL","Burglary","BT342EA"
"296640","2016-11",-5.934694,54.599272,"DIVIS STREET","Anti-social behaviour","BT124JP"
"183203","2016-02",-5.951758,54.254719,"DUBLIN ROAD","Vehicle crime","BT358QP"
"109050","2015-09",-6.009694,54.065827,"BEN CROM PLACE","Anti-social behaviour","BT344DL"
"405183","2017-07",-6.276392,54.871679,"DEVENAGH WAY","Criminal damage and arson","BT436EW"
"171735","2016-01",-7.190666,55.024025,"MALLORY PARK","Violence and sexual offences","BT473XJ"
"27402","2015-03",-5.907308,54.559636,"BREDA AVENUE","Anti-social behaviour","BT86JS"
"258338","2016-08",-6.058467,54.513998,"HILLSIDE GARDENS","Anti-social behaviour","BT196SJ"
"336805","2017-02",-5.921174,54.587917,"COOKE PLACE","Criminal damage and arson","BT72ET"
"206909","2016-04",-6.275549,54.849459,"OLD ANTRIM ROAD","Drugs","BT422HG"
"290811","2016-10",-7.307108,55.016615,"GARDEN CITY","Other theft","BT487SN"
"260434","2016-08",-6.187658,54.469733,"LAGANVIEW TERRACE","Burglary","BT670PS"
"421923","2017-08",-6.389899,54.452867,"LAKELANDS","Shoplifting","BT641AZ"
"34643","2015-03",-5.682102,54.60574,"BEVERLEY ROAD","Violence and sexual offences","BT366QD"
"238976","2016-06",-6.358086,54.375127,"CASTLEVIEW","Violence and sexual offences","BT636JR"
"470004","2017-12",-5.656575,54.654777,"ARRAS PARK","Burglary","BT204TW"
"313195","2016-12",-5.935929,54.610633,"KINNAIRD STREET","Criminal damage and arson","BT146BE"
"167208","2016-01",-5.668764,54.631371,"BREEZEMOUNT CLOSE","Burglary","BT237TU"
"450716","2017-10",-7.289145,54.988431,"PELHAM ROAD","Violence and sexual offences","BT476FF"
"457810","2017-11",-6.284184,54.858412,"LEIGHINMOHR AVENUE","Burglary","BT422AN"
"315990","2016-12",-5.71278,54.592774,"BROOKLANDS ROAD","Shoplifting","BT162PD"
"345934","2017-03",-5.927095,54.60262,"HILL STREET","Anti-social behaviour","BT12LB"
"424455","2017-08",-7.329018,54.996427,"LISFANNON PARK","Violence and sexual offences","BT489DX"
"435394","2017-09",-5.917791,54.654492,"LONGWOOD ROAD","Shoplifting","BT379UH"
"186329","2016-02",-6.748773,54.644333,"FAIRHILL ROAD","Other crime","BT808AG"
"230058","2016-06",-5.968664,54.626254,"SILVERSTREAM DRIVE","Anti-social behaviour","BT203LW"
"314452","2016-12",-5.924127,54.587959,"ORMEAU ROAD","Drugs","BT73GA"
"135652","2015-10",-5.921703,54.619455,"GLASGOW STREET","Violence and sexual offences","BT153JA"
"89667","2015-07",-5.762582,54.399142,"LISSARA CLOSE","Vehicle crime","BT309PP"
"340931","2017-02",-5.679967,54.65848,"BRUNSWICK ROAD","Violence and sexual offences","BT475SZ"
"69068","2015-06",-6.007031,54.547825,"GLENBURN COURT","Anti-social behaviour","BT179BS"
"65844","2015-06",-6.346725,54.455968,"TAGHNEVAN DRIVE","Anti-social behaviour","BT668SY"
"131459","2015-10",-7.322908,55.001154,"CLARENDON STREET","Drugs","BT487ET"
"377692","2017-05",-6.686979,55.137257,"QUEENS PARK","Criminal damage and arson","BT365HT"
"449897","2017-10",-5.930446,54.599424,"ROYAL AVENUE","Violence and sexual offences","BT11DD"
"13815","2015-02",-5.999787,54.063129,"ROONEY PARK","Anti-social behaviour","BT344DH"
"360060","2017-04",-6.652043,55.20371,"DUNLUCE STREET","Anti-social behaviour","BT401JG"
"11735","2015-02",-5.930261,54.598181,"DONEGALL PLACE","Anti-social behaviour","BT15AB"
"411952","2017-08",-7.312712,55.01529,"CULMORE ROAD","Anti-social behaviour","BT488JH"
"34967","2015-03",-7.319081,54.996435,"BANK PLACE","Violence and sexual offences","BT486EA"
"377244","2017-05",-7.309725,54.494352,"ECCLESVILLE VIEW","Criminal damage and arson","BT782AW"
"58091","2015-05",-5.905914,54.212436,"KINGHILL AVENUE","Criminal damage and arson","BT330RU"
"358195","2017-04",-6.665753,54.69699,"ROCKVIEW PARK","Anti-social behaviour","BT457UH"
"4614","2015-01",-6.739749,54.648587,"OLD COAGH ROAD","Burglary","BT808RQ"
"10553","2015-01",-6.949222,55.053071,"MAIN STREET","Violence and sexual offences","BT936HW"
"37896","2015-04",-6.339519,54.463308,"SHANKILL STREET","Anti-social behaviour","BT666EH"
"127817","2015-10",-6.341752,54.176915,"MONAGHAN STREET","Anti-social behaviour","BT356AA"
"187621","2016-03",-5.872224,54.609556,"INVERLEITH DRIVE","Anti-social behaviour","BT41RJ"
"217377","2016-05",-5.967856,54.724059,"CARNTALL ROAD","Anti-social behaviour","BT365SD"
"351692","2017-03",-5.934882,54.589437,"DONEGALL ROAD","Other theft","BT126HN"
"438047","2017-09",-6.337123,54.468388,"DERRY STREET","Violence and sexual offences","BT679DE"
"432466","2017-09",-6.292479,55.138098,"GLENSHESK ROAD","Criminal damage and arson","BT538RL"
"235069","2016-06",-5.836877,54.633908,"ABBEY RING","Other theft","BT189PF"
"347808","2017-03",-5.929735,54.589044,"VERNON COURT","Anti-social behaviour","BT71DG"
"179593","2016-02",-5.78644,54.726299,"DE COURCY AVENUE","Criminal damage and arson","BT387LJ"
"118515","2015-09",-5.931179,54.593507,"BEDFORD STREET","Vehicle crime","BT27EN"
"363577","2017-04",-5.964507,54.566542,"HARBERTON PARK","Criminal damage and arson","BT323TU"
"115258","2015-09",-7.499385,54.546699,"DRUMLISH ROAD","Criminal damage and arson","BT783ER"
"139424","2015-11",-6.517485,55.068647,"CASTLE STREET","Anti-social behaviour","BT307QQ"
"129374","2015-10",-7.321576,54.997635,"WILLIAM STREET","Criminal damage and arson","BT486EP"
"354947","2017-03",-6.721938,54.605494,"O'NEILL PARK","Violence and sexual offences","BT808UE"
"411060","2017-07",-6.308681,54.862889,"WOODCROFT BRAE","Violence and sexual offences","BT421FY"
"359035","2017-04",-5.535201,54.630405,"STELLENBOSCH AVENUE","Anti-social behaviour","BT210LH"
"227387","2016-06",-5.930439,54.592551,"BANKMORE STREET","Anti-social behaviour","BT71AQ"
"436447","2017-09",-6.608523,54.753465,"QUEENS AVENUE","Violence and sexual offences","BT365HU"
"64956","2015-06",-6.215095,54.620939,"MILL ROAD","Anti-social behaviour","BT344RH"
"336226","2017-02",-6.702753,54.744359,"BRACKAGH LANE","Burglary","BT457RT"
"182469","2016-02",-6.438146,54.425694,"BRIDGE STREET","Shoplifting","BT281XZ"
"63368","2015-05",-6.254643,54.418096,"MONREE ROAD","Violence and sexual offences","BT667LZ"
"359378","2017-04",-6.411939,55.011015,"TULLAGHANS ROAD","Anti-social behaviour","BT449EB"
"226975","2016-06",-6.319383,54.152166,"OLD WARRENPOINT ROAD","Anti-social behaviour",NA
"352395","2017-03",-6.332204,54.4623,"MARKET STREET","Shoplifting","BT622BP"
"199905","2016-03",-5.93162,54.539631,"BALLYCOAN ROAD","Other crime","BT88LP"
"146882","2015-11",-6.351678,54.174185,"ALTMORE GARDENS","Violence and sexual offences","BT358EX"
"469063","2017-12",-6.292945,54.348329,"GROVE HILL","Anti-social behaviour","BT323GH"
"389082","2017-06",-7.378949,54.717334,"DUBLIN STREET","Anti-social behaviour","BT784AQ"
"116244","2015-09",-5.949341,54.593277,"RODEN STREET","Drugs","BT125DL"
"344599","2017-03",-6.272027,54.351302,"REILLY PLACE","Anti-social behaviour","BT323EY"
"442184","2017-10",-6.67212,55.131401,"THE DIAMOND","Anti-social behaviour","BT486PE"
"410632","2017-07",-6.451516,54.430296,"ROSE COTTAGES","Violence and sexual offences","BT621RY"
"185098","2016-02",-6.074763,54.522758,"EDENVALE GARDENS","Violence and sexual offences","BT282UT"
"365199","2017-04",-7.459716,54.377226,"TULLYREAGH ROAD","Other theft","BT943GJ"
"295760","2016-10",-6.210605,54.621295,"BALLYDONAGHY ROAD","Violence and sexual offences","BT294ER"
"247852","2016-07",-5.90613,54.595286,"ALBERTBRIDGE ROAD","Criminal damage and arson","BT54GS"
"428835","2017-09",-5.628382,54.667068,"BALLYMACORMICK ROAD","Anti-social behaviour","BT251QR"
"391853","2017-06",-7.319625,55.007676,"STRAND ROAD","Drugs","BT487AD"
"338154","2017-02",-6.006864,54.569629,"SUFFOLK PARADE","Drugs","BT119JR"
"17571","2015-02",-5.915325,54.669958,"MOURNEBEG DRIVE","Criminal damage and arson","BT379LT"
"422410","2017-08",-6.034917,54.561876,"GLENKEEN","Vehicle crime","BT413JX"
"151567","2015-12",-5.937138,54.617644,"OCEANIC AVENUE","Anti-social behaviour","BT152HS"
"460534","2017-11",-7.442017,54.251446,"CHURCH LANE","Other theft","BT14QN"
"332036","2017-02",-5.848846,54.259467,"DROMARA ROAD","Anti-social behaviour","BT266PE"
"310314","2016-12",-7.317373,55.010537,"STRAND ROAD","Anti-social behaviour","BT487AD"
"340927","2017-02",-6.45371,54.422777,"UNION STREET","Violence and sexual offences","BT536HT"
"264543","2016-08",-6.047732,54.511444,"BOW STREET","Shoplifting","BT281AW"
"226780","2016-06",-5.927481,54.63614,"WAVENEY GROVE","Anti-social behaviour","BT154FW"
"342660","2017-02",-5.814701,54.725302,"THORNDALE SQUARE","Violence and sexual offences","BT388JX"
"316536","2016-12",-6.277055,54.864897,"MILL STREET","Vehicle crime","BT941GR"
"404862","2017-07",-6.368173,54.442046,"DRUMELLAN COURT","Criminal damage and arson","BT655HT"
"269259","2016-09",-5.949405,54.613863,"ROSEBANK COURT","Anti-social behaviour","BT147RJ"
"330312","2017-01",-5.944855,54.255293,"MOURNE PARK","Violence and sexual offences","BT784BL"
"270290","2016-09",-6.339325,54.195031,"RATHMORE ROAD","Anti-social behaviour","BT489BS"
"109077","2015-09",-6.757027,54.633736,"RIVERSIDE DRIVE","Anti-social behaviour","BT809DH"
"217162","2016-05",-5.900312,54.564609,"GLENCREGAGH DRIVE","Anti-social behaviour","BT60NJ"
"448282","2017-10",-6.784237,54.50231,"ASHDENE","Other theft","BT701JL"
"336665","2017-02",-6.653212,54.350086,"COLLEGE STREET","Criminal damage and arson","BT16ET"
"77288","2015-06",-5.696024,54.650259,"CARRICKMANNIN GARDENS","Violence and sexual offences","BT191SX"
"31907","2015-03",-5.955714,54.58466,"EBOR STREET","Other theft","BT126NQ"
"278951","2016-09",-5.973981,54.685922,"SHERWOOD AVENUE","Violence and sexual offences","BT365GF"
"389412","2017-06",-7.349308,55.01232,"GRANGEMORE PARK","Anti-social behaviour","BT480RY"
"334350","2017-02",-5.969975,54.58907,"ROCKMOUNT STREET","Anti-social behaviour","BT127PE"
"332080","2017-02",-6.33911,54.463905,"THORNLEIGH","Anti-social behaviour","BT666ER"
"375153","2017-05",-5.840734,54.862071,"LINN ROAD","Anti-social behaviour","BT402AH"
"274849","2016-09",-5.962294,54.598806,"FORFAR STREET","Criminal damage and arson","BT127BD"
"255318","2016-08",-6.010447,54.230058,"BOG ROAD","Anti-social behaviour","BT275RN"
"447612","2017-10",-5.844307,54.860777,"RUNKERRY GARDENS","Drugs","BT402JL"
"386224","2017-06",-6.596863,54.753771,"SANDY BRAES","Anti-social behaviour","BT456PN"
"425423","2017-08",-7.643856,54.347106,"CASTLE STREET","Violence and sexual offences","BT307QQ"
"248472","2016-07",-6.204961,54.723374,"PARKHALL ROAD","Drugs","BT411BU"
"420305","2017-08",-6.045357,54.510085,"MARKET STREET","Drugs","BT622BP"
"382244","2017-05",-6.604071,54.750153,"PINEY HILL","Violence and sexual offences","BT456PY"
"474271","2017-12",-5.934694,54.599272,"DIVIS STREET","Theft from the person","BT124JP"
"189598","2016-03",-5.917333,54.575883,"ORMEAU ROAD","Anti-social behaviour","BT73GA"
"284180","2016-10",-6.579889,54.189627,"OLD ROAD","Anti-social behaviour","BT344RD"
"329240","2017-01",-5.933976,54.621983,"ASHFIELD GARDENS","Violence and sexual offences","BT153FW"
"142621","2015-11",-5.650977,54.400966,"FREDERICK STREET","Criminal damage and arson","BT309QP"
"338662","2017-02",-5.807505,54.59486,"UPPER NEWTOWNARDS ROAD","Other theft","BT43NW"
"385260","2017-06",-5.948374,54.572191,"MARLBOROUGH GARDENS","Anti-social behaviour","BT96SQ"
"232126","2016-06",-6.663572,54.345062,"NIALLS CRESCENT","Bicycle theft","BT604AP"
"447723","2017-10",-5.775367,54.729762,"JACKSON DRIVE","Drugs","BT387NS"
"305274","2016-11",-5.888253,54.590878,"WOODCOT AVENUE","Violence and sexual offences","BT55JB"
"53302","2015-05",-5.960303,54.59561,"GORTFIN STREET","Anti-social behaviour","BT127BN"
"142209","2015-11",-5.933395,54.611164,"SHERIDAN COURT","Burglary","BT152NA"
"98071","2015-08",-7.609582,54.353351,"LACKABOY VIEW","Anti-social behaviour","BT744DY"
"349238","2017-03",-5.955902,54.6155,"HAVANA WAY","Criminal damage and arson","BT147QH"
"35629","2015-03",-6.422931,54.425056,"BEECHCOTE AVENUE","Violence and sexual offences","BT635DG"
"90766","2015-07",-6.661514,54.357285,"ABBEY PARK","Violence and sexual offences","BT57RU"
"38399","2015-04",-7.318883,54.994278,"BRIDGE STREET","Anti-social behaviour","BT281XZ"
"465813","2017-12",-6.272382,54.870373,"PARKWAY","Anti-social behaviour","BT435ET"
"348983","2017-03",-6.664975,54.258091,"DUNDRUM ROAD","Criminal damage and arson","BT330LN"
"34013","2015-03",-5.931588,54.609543,"QUEENS PARADE","Violence and sexual offences","BT790DJ"
"120120","2015-09",-7.31268,54.990659,"BARNEWALL PLACE","Violence and sexual offences","BT472BJ"
"168039","2016-01",-5.919676,54.654902,"LONGWOOD ROAD","Criminal damage and arson","BT379UH"
"13745","2015-02",-6.017473,54.55337,"SUMMERHILL MEWS","Anti-social behaviour","BT170LQ"
"477527","2017-12",-5.780446,54.362658,"LOUGHINISLAND ROAD","Violence and sexual offences","BT308PT"
"48883","2015-04",-6.701248,54.248946,"FAIRGREEN PARK","Violence and sexual offences","BT603UR"
"328205","2017-01",-6.275819,54.868688,"THOMAS STREET","Shoplifting","BT701HN"
"304821","2016-11",-6.078319,54.506912,"ROSEVALE MEADOWS","Vehicle crime","BT281JF"
"268076","2016-08",-5.713303,54.315208,"ARDILEA PARK","Violence and sexual offences","BT306QA"
"83210","2015-07",-5.971399,54.692914,"BALLYCLARE ROAD","Anti-social behaviour","BT365EA"
"377636","2017-05",-5.993768,54.685021,"ANTRIM ROAD","Criminal damage and arson","BT152AH"
"184635","2016-02",-5.794815,54.724151,"CORONATION ROAD","Violence and sexual offences","BT387HD"
"466239","2017-12",-5.910525,54.597393,"ANDERSON COURT","Anti-social behaviour","BT390PD"
"291181","2016-10",-5.685271,54.655418,"BELFAST ROAD","Other theft","BT248EB"
"460165","2017-11",-7.350208,54.990515,"RATHLIN GARDENS","Other theft","BT489UE"
"406638","2017-07",-7.318951,55.020715,"BALMORAL AVENUE","Other theft","BT96NY"
"339837","2017-02",-6.653657,54.345886,"DOBBIN STREET","Shoplifting","BT617QQ"
"257936","2016-08",-6.007053,54.762275,"GATESIDE MANOR","Anti-social behaviour","BT399GA"
"372689","2017-05",-5.715943,54.332736,"CHURCH STREET","Anti-social behaviour","BT343HN"
"315356","2016-12",-6.664999,54.696335,"MAGHERAFELT ROAD","Other theft","BT455PJ"
"121020","2015-09",-6.918208,55.043242,"DRUMMOND MANOR","Violence and sexual offences","BT490UP"
"259334","2016-08",-7.738864,54.520135,"CREVENISH ROAD","Anti-social behaviour",NA
"77141","2015-06",-6.358868,54.179027,"CASTLEKEELE HEIGHTS","Violence and sexual offences","BT358UR"
"374255","2017-05",-5.711151,54.316048,"GLEBETOWN DRIVE","Anti-social behaviour","BT306QB"
"405579","2017-07",-5.928952,54.54928,"DRUMART GREEN","Criminal damage and arson","BT87EZ"
"475522","2017-12",-6.336355,54.176292,"UPPER WATER STREET","Violence and sexual offences","BT341DJ"
"249298","2016-07",-5.810264,54.728124,"CASTLEMARA DRIVE","Other theft","BT387RD"
"201727","2016-04",-7.280423,54.997398,"HAMPTON CRESCENT","Anti-social behaviour","BT402BW"
"216123","2016-05",-5.804493,54.594464,"UPPER NEWTOWNARDS ROAD","Anti-social behaviour","BT43NW"
"85916","2015-07",-5.890692,54.597875,"EAST BREAD STREET","Criminal damage and arson","BT55AP"
"16872","2015-02",-5.894311,54.582322,"LADAS WAY","Criminal damage and arson","BT69ND"
"139503","2015-11",-6.292233,54.878372,"COLLINWOOD","Anti-social behaviour","BT436NJ"
"87964","2015-07",-6.30214,54.551008,"DERRYOLA BRIDGE ROAD","Other theft","BT670DJ"
"53137","2015-05",-6.054176,54.518484,"LISNAGARVEY CRESCENT","Anti-social behaviour","BT283DP"
"376481","2017-05",-5.906259,54.588846,"IMPERIAL STREET","Criminal damage and arson","BT68JP"
"375874","2017-05",-5.933398,54.597974,"COLLEGE STREET","Bicycle theft","BT16ET"
"299731","2016-11",-6.286225,54.346086,"LARCHWOOD MEWS","Anti-social behaviour","BT323XJ"
"68900","2015-06",-7.638603,54.362182,"DERRYGORE ROAD","Anti-social behaviour","BT744FH"
"151102","2015-12",-5.933698,54.623497,"ASHDENE DRIVE","Anti-social behaviour","BT153FS"
"368759","2017-04",-7.638878,54.344809,"TOWNHALL STREET","Violence and sexual offences","BT747BD"
"297659","2016-11",-5.973412,54.627942,"BRAE HILL ROAD","Anti-social behaviour","BT148FL"
"146082","2015-11",-5.938064,54.626878,"ANTRIM ROAD","Shoplifting","BT152AH"
"310091","2016-12",-5.948459,54.580971,"WINDSOR AVENUE","Anti-social behaviour","BT389RX"
"30464","2015-03",-5.648462,54.482275,"WHITEROCK BAY","Criminal damage and arson","BT236QA"
"66786","2015-06",-5.96585,54.68044,"GLENVARNA GREEN","Anti-social behaviour","BT365JF"
"414251","2017-08",-5.930719,54.608073,"VICTORIA PARADE","Anti-social behaviour","BT152EN"
"231471","2016-06",-6.275941,54.865456,"WELLINGTON STREET","Anti-social behaviour","BT436AH"
"338706","2017-02",-7.340599,54.994398,"INISCARN CRESCENT","Other theft","BT489PY"
"381454","2017-05",-7.028076,54.461709,"MAIN STREET","Violence and sexual offences","BT936HW"
"73082","2015-06",-5.914643,54.569808,"ST. JOHNS AVENUE","Other theft",NA
"7","2015-01",-5.915793,54.592416,"RAVENHILL REACH","Anti-social behaviour","BT68RA"
"231231","2016-06",-7.326597,54.999199,"LOWER ROAD","Anti-social behaviour","BT487DP"
"410744","2017-07",-7.453888,54.820595,"INNISFREE GARDENS","Violence and sexual offences","BT828JD"
"88305","2015-07",-6.306859,54.746106,"ROSEVILLE AVENUE","Other theft","BT412LZ"
"436529","2017-09",-7.464091,54.396955,"GLEN ROAD","Violence and sexual offences","BT118BU"
"239202","2016-06",-5.935304,54.623596,"GLANLEAM DRIVE","Violence and sexual offences","BT153FL"
"45956","2015-04",-5.827365,54.733194,"MEADOW HILL","Other theft","BT389ER"
"375395","2017-05",-6.043225,54.555954,"LAGMORE VIEW","Anti-social behaviour","BT170UL"
"351951","2017-03",-5.874591,54.60365,"EDGCUMBE GARDENS","Other theft","BT42EG"
"22024","2015-02",-5.954571,54.607158,"TENNENT STREET","Violence and sexual offences","BT133GG"
"293215","2016-10",-5.966019,54.612867,"TWADDELL AVENUE","Violence and sexual offences","BT133LE"
"16082","2015-02",-5.975089,54.732167,"LOGWOOD ROAD","Burglary","BT399LR"
"287317","2016-10",-6.188806,54.717734,"AGHABOY GARDENS","Anti-social behaviour","BT411RE"
"308559","2016-12",-5.879831,54.595143,"CYPRUS AVENUE","Anti-social behaviour","BT55NT"
"17293","2015-02",-6.03669,54.517267,"BELSIZE ROAD","Criminal damage and arson","BT274BS"
"292399","2016-10",-5.965383,54.580627,"BOUCHER CRESCENT","Shoplifting","BT126HU"
"406898","2017-07",-5.94849,54.79394,"LOWER BALLYBOLEY ROAD","Other theft","BT399UJ"
"152146","2015-12",-5.615174,54.674734,"DONAGHADEE ROAD","Anti-social behaviour","BT237HB"
"164677","2016-01",-5.931179,54.593507,"BEDFORD STREET","Anti-social behaviour","BT27EN"
"42393","2015-04",-6.353172,54.453999,"OLD PORTADOWN ROAD","Burglary","BT668QN"
"54697","2015-05",-7.323033,55.016911,"BUNCRANA ROAD","Anti-social behaviour","BT488LB"
"158899","2015-12",-5.84333,54.856322,"LINDARA PARK","Vehicle crime","BT402GD"
"216643","2016-05",-6.336355,54.465277,"WILLIAM STREET","Anti-social behaviour","BT486EP"
"364428","2017-04",-7.314033,55.032176,"CAPALL COURT","Drugs","BT488FJ"
"214086","2016-05",-5.936449,54.609842,"ST JAMES MEWS","Anti-social behaviour","BT146DL"
"213468","2016-05",-5.714017,54.58755,"MARCELLA PARK","Anti-social behaviour","BT234SF"
"249270","2016-07",-6.8759,54.486523,"KILLYMOYLE ROAD","Other theft","BT701SA"
"201558","2016-04",-5.874035,54.607494,"STATION ROAD","Anti-social behaviour","BT41RF"
"206129","2016-04",-6.556938,55.128097,"MOUNTVIEW DRIVE","Criminal damage and arson","BT274JJ"
"468578","2017-12",-6.252573,54.85727,"KNOCKEEN ROAD","Anti-social behaviour","BT424DG"
"353649","2017-03",-5.928741,54.597032,"DONEGALL SQUARE EAST","Violence and sexual offences","BT15HD"
"476421","2017-12",-5.922056,54.590961,"CROMAC PLACE","Violence and sexual offences","BT72JB"
"365337","2017-04",-5.932635,54.591645,"VENTRY STREET","Other theft","BT27JP"
"91283","2015-07",-6.669314,55.126672,"MOUNT STREET","Violence and sexual offences","BT251AT"
"173095","2016-01",-5.897453,54.400731,"DROMORE STREET","Violence and sexual offences","BT68PF"
"353712","2017-03",-7.467733,54.828893,"RAILWAY STREET","Violence and sexual offences","BT617HP"
"276001","2016-09",-5.955245,54.586306,"KILBURN STREET","Criminal damage and arson","BT126JS"
"17880","2015-02",-5.943392,54.596788,"GROVE TREE NORTH","Drugs","BT124SN"
"93173","2015-07",-6.65275,54.346343,"LINENHALL STREET","Violence and sexual offences","BT490HQ"
"346723","2017-03",-7.307208,54.599228,"JAMES STREET","Anti-social behaviour","BT781AP"
"170481","2016-01",-7.178022,55.026815,"COOLAFINNY ROAD","Shoplifting","BT473PG"
"350319","2017-03",-5.722332,54.31564,"RACE COURSE ROAD","Criminal damage and arson","BT306BA"
"357107","2017-04",-5.913227,54.603864,"QUEENS ROAD","Anti-social behaviour","BT39FB"
"236585","2016-06",-5.947036,54.590812,"ROOSEVELT SQUARE","Theft from the person","BT125RW"
"94498","2015-08",-5.530484,54.608069,"MOSS ROAD","Anti-social behaviour","BT222DS"
"451673","2017-10",-6.066706,54.524615,"BALLYMACASH PARK","Violence and sexual offences","BT283EX"
"143698","2015-11",-6.346953,54.457966,"OLD PORTADOWN ROAD","Criminal damage and arson","BT668QN"
"457783","2017-11",-5.993654,54.575062,"GLENSHANE GARDENS","Burglary","BT118JQ"
"373112","2017-05",-6.205159,54.716423,"DONEGORE DRIVE","Anti-social behaviour","BT411DZ"
"435011","2017-09",-6.263993,54.340845,"SUMMERHILL BRAE","Robbery","BT323LS"
"229392","2016-06",-5.903232,54.589045,"WILLOWFIELD PARADE","Anti-social behaviour","BT68HQ"
"327544","2017-01",-7.454881,54.824273,"EVISH GROVE","Other theft","BT828HR"
"321751","2017-01",-6.055955,54.513553,"BENSON STREET","Anti-social behaviour","BT282AD"
"252059","2016-07",-5.963575,54.600418,"COLINWARD STREET","Violence and sexual offences","BT127EP"
"114608","2015-09",-5.906259,54.588846,"IMPERIAL STREET","Criminal damage and arson","BT68JP"
"234997","2016-06",-5.905786,54.398882,"WOODRIDGE","Other theft","BT248XB"
"116194","2015-09",-6.333884,54.183644,"DOWNSHIRE COURT","Drugs","BT341DA"
"164809","2016-01",-7.329018,55.023618,"SLIEVEMORE PARK","Anti-social behaviour","BT488NJ"
"416823","2017-08",-7.66135,54.347722,"FERNEY RISE","Anti-social behaviour","BT747NF"
"390393","2017-06",-7.482261,54.818401,"CASTLEGRANGE PARK","Criminal damage and arson","BT829WB"
"44231","2015-04",-5.886334,54.215805,"GOLF LINKS ROAD","Criminal damage and arson","BT330AN"
"378399","2017-05",-6.042678,54.510895,"MARKET SQUARE","Drugs","BT414DN"
"296289","2016-11",-6.269502,54.346243,"TOWNSEND STREET","Anti-social behaviour","BT132ES"
"216383","2016-05",-5.922211,54.641064,"SHORE CRESCENT","Anti-social behaviour","BT154JS"
"240797","2016-07",-6.081951,54.511111,"MORNINGTON AVENUE","Anti-social behaviour","BT282WP"
"312304","2016-12",-5.994667,54.750076,"BELLEVUE STREET","Burglary","BT399AS"
"245881","2016-07",-6.217623,54.713193,"RIVERSIDE","Bicycle theft","BT746BR"
"81131","2015-07",-5.937646,54.597813,"KILLEN STREET","Anti-social behaviour",NA
"282329","2016-10",-7.301362,54.610837,"LISNAGORT COURT","Anti-social behaviour","BT797FF"
"44697","2015-04",-5.931754,54.598036,"FOUNTAIN STREET","Drugs","BT414BB"
"175594","2016-02",-5.863774,54.843754,"OLD MILL HEIGHTS","Anti-social behaviour","BT266RF"
"38440","2015-04",-6.786915,54.269362,"DRUMHILLERY PARK","Anti-social behaviour","BT603QL"
"349853","2017-03",-5.937749,54.582001,"WELLESLEY AVENUE","Criminal damage and arson","BT96DG"
"431278","2017-09",-5.931399,54.62335,"SKEGONEILL DRIVE","Burglary","BT153FY"
"350250","2017-03",-7.355132,54.964976,"VICTORIA ROAD","Criminal damage and arson","BT41QU"
"1955","2015-01",-6.339119,54.175351,"THE MALL","Anti-social behaviour","BT341BX"
"238700","2016-06",-7.327798,55.030151,"FERGLEEN PARK","Violence and sexual offences","BT488LE"
"172830","2016-01",-6.267193,54.34701,"RATHFRILAND STREET","Violence and sexual offences","BT323LA"
"35593","2015-03",-5.80135,54.850743,"BAY ROAD","Violence and sexual offences","BT401DG"
"47143","2015-04",-6.770961,54.503352,"SCOTCH STREET","Shoplifting","BT306AN"
"38735","2015-04",-7.355658,55.012067,"ST. EITHNE'S PARK","Anti-social behaviour","BT480LE"
"278342","2016-09",-5.967502,54.609505,"BALLYGOMARTIN ROAD","Shoplifting","BT133NA"
"358279","2017-04",-7.346697,54.989275,"RATHLIN DRIVE","Anti-social behaviour","BT489RR"
"296619","2016-11",-5.972738,54.62219,"FABURN PARK","Anti-social behaviour","BT148AJ"
"371080","2017-05",-6.276084,55.213151,"CARNDUFF PARK","Anti-social behaviour","BT546LN"
"111189","2015-09",-6.253821,54.100951,"DOCK STREET","Anti-social behaviour","BT828EE"
"62999","2015-05",-6.74902,54.651406,"MILLBURN PARK","Violence and sexual offences","BT808HQ"
"295233","2016-10",-5.935936,54.612331,"ANTRIM ROAD","Violence and sexual offences","BT152AH"
"88562","2015-07",-6.610359,54.755642,"RAINEY STREET","Other theft","BT455AH"
"67593","2015-06",-7.524101,54.735534,"FOLLIARD ROAD","Anti-social behaviour","BT829LU"
"260466","2016-08",-5.930906,54.591274,"ASHBURNE MEWS","Burglary","BT71SF"
"275021","2016-09",-6.36561,54.444859,"HILLCREST MANOR","Criminal damage and arson","BT655BX"
"30231","2015-03",-5.891369,54.574894,"ROCHESTER DRIVE","Criminal damage and arson","BT69JX"
"298855","2016-11",-5.441297,54.46002,"HARBOUR ROAD","Anti-social behaviour","BT221EA"
"161262","2015-12",-7.593242,54.707903,"MEETINGHOUSE LANE","Violence and sexual offences","BT817BQ"
"238645","2016-06",-5.986717,54.558288,"PORTER PARK","Violence and sexual offences","BT100BU"
"456206","2017-11",-5.956815,54.613656,"FLAX STREET","Anti-social behaviour","BT147EJ"
"8571","2015-01",-6.010159,54.570554,"LENADOON AVENUE","Vehicle crime","BT119HD"
"220958","2016-05",-6.074582,54.548928,"MULLAGHGLASS ROAD","Other theft","BT283TG"
"92821","2015-07",-7.352398,55.010693,"GRANGEMORE PARK","Violence and sexual offences","BT480RY"
"66856","2015-06",-5.923875,54.596868,"VICTORIA STREET","Anti-social behaviour","BT679DG"
"235591","2016-06",-5.934622,54.595794,"HOWARD STREET","Other theft","BT16PJ"
"449690","2017-10",-6.460678,54.432551,"BALLYORAN TERRACE","Vehicle crime","BT621DR"
"243519","2016-07",-5.934112,54.549935,"SOUTH CRESCENT","Anti-social behaviour","BT87EH"
"40591","2015-04",-6.660878,55.137494,"ARTILLERY ROAD","Anti-social behaviour","BT522AJ"
"368272","2017-04",-6.44625,54.421639,"SHILLINGTON STREET","Violence and sexual offences","BT623PF"
"441305","2017-10",-6.508254,54.869287,"GLENONE ROAD","Anti-social behaviour","BT448NL"
"421196","2017-08",-6.677795,55.121473,"SCREEN ROAD","Other theft","BT513AG"
"230360","2016-06",-5.992043,54.985024,"SHINGLE COVE","Anti-social behaviour","BT440EH"
"360575","2017-04",-5.700827,54.321207,"KINCORA DRIVE","Anti-social behaviour","BT306HW"
"136116","2015-10",-6.1504,54.413076,"RAMPART STREET","Violence and sexual offences","BT251AG"
"50346","2015-04",-5.672675,54.659957,"DUFFERIN AVENUE","Violence and sexual offences","BT203AD"
"395499","2017-06",-6.332728,54.19334,"ASHGROVE PARK","Violence and sexual offences","BT341QL"
"161644","2015-12",-5.920198,54.669556,"INNISCARN DRIVE","Violence and sexual offences","BT379JR"
"67270","2015-06",-5.929893,54.650845,"KERNAN DRIVE","Anti-social behaviour","BT367XG"
"19691","2015-02",-5.934292,54.600173,"BERRY STREET","Shoplifting","BT11FJ"
"164530","2016-01",-5.874203,54.600112,"BELMONT ROAD","Anti-social behaviour","BT42NE"
"171694","2016-01",-5.812614,54.590478,"LEATHEM SQUARE","Violence and sexual offences","BT162QL"
"121926","2015-09",-7.454192,54.257719,"CARROWSHEE PARK","Other crime","BT920FS"
"451053","2017-10",-6.296611,54.460375,"GILPIN PARK","Violence and sexual offences","BT667JZ"
"237304","2016-06",-6.029174,54.514908,"LOW ROAD","Violence and sexual offences","BT274TJ"
"27936","2015-03",-5.95791,54.670881,"CARNMONEY ROAD","Burglary","BT366JR"
"380660","2017-05",-5.928906,54.587376,"CROMWELL ROAD","Vehicle crime","BT71JW"
"342768","2017-02",-5.939769,54.604804,"NORTH BOUNDARY STREET","Violence and sexual offences","BT131DH"
"178377","2016-02",-5.864789,54.580394,"WHINCROFT ROAD","Anti-social behaviour","BT57JZ"
"193440","2016-03",-6.35744,54.375127,"CASTLEVIEW","Criminal damage and arson","BT636JR"
"76770","2015-06",-5.947645,54.595917,"MCDONNELL COURT","Violence and sexual offences","BT124DN"
"156029","2015-12",-5.991962,54.57958,"BALLAGHBEG","Criminal damage and arson","BT118HU"
"302066","2016-11",-6.281327,54.865182,"SMITHFIELD PLACE","Criminal damage and arson","BT435HB"
"375823","2017-05",-6.707971,55.175265,"OLD MILL GRANGE","Anti-social behaviour","BT557GE"
"418379","2017-08",-6.78403,54.503574,"ASHDENE","Criminal damage and arson","BT701JL"
"23681","2015-03",-5.947648,54.59863,"ROSS STREET","Anti-social behaviour","BT124EA"
"393899","2017-06",-7.277917,54.998614,"DURHAM PARK","Shoplifting","BT475YD"
"295415","2016-10",-5.907025,54.593514,"WOODSTOCK ROAD","Violence and sexual offences","BT69DR"
"33577","2015-03",-5.617522,54.675669,"MAIN STREET","Violence and sexual offences","BT936HW"
"430160","2017-09",-5.774356,54.591236,"MILLMOUNT LANE","Anti-social behaviour","BT161WN"
"51962","2015-05",-6.267073,54.344016,"BELMONT VIEW","Anti-social behaviour",NA
"193118","2016-03",-5.915143,54.596349,"LAGANBANK ROAD","Criminal damage and arson","BT13LT"
"4649","2015-01",-6.68493,54.440861,"CHURCHVIEW","Burglary","BT717SZ"
"72742","2015-06",-7.322908,55.001154,"CLARENDON STREET","Drugs","BT487ET"
"224630","2016-05",-6.453773,54.430109,"ROSE COTTAGES","Violence and sexual offences","BT621RY"
"417239","2017-08",-5.673117,54.648698,"ABBOT'S CLOSE","Anti-social behaviour","BT204EN"
"92460","2015-07",-6.162641,54.234964,"CROSS HEIGHTS","Violence and sexual offences","BT345QU"
"471097","2017-12",-5.441856,54.461443,"LAWSON PARK","Criminal damage and arson","BT820AZ"
"55238","2015-05",-5.953784,54.616974,"OLDPARK ROAD","Anti-social behaviour","BT146QS"
"359217","2017-04",-6.529438,54.389187,"DOBBIN ROAD","Anti-social behaviour","BT624EZ"
"314630","2016-12",-6.040631,54.510125,"LINENHALL STREET","Drugs","BT490HQ"
"4279","2015-01",-7.503738,54.78335,"ORCHARD ROAD","Burglary","BT829QT"
"48128","2015-04",-7.323057,54.997877,"WILLIAM STREET","Violence and sexual offences","BT486EP"
"38059","2015-04",-7.312428,54.613559,"DUNBREEN CLOSE","Anti-social behaviour","BT797XF"
"127269","2015-10",-5.929013,54.651396,"MULDERG DRIVE","Anti-social behaviour","BT367JY"
"84411","2015-07",-5.922286,54.604972,"CORPORATION SQUARE","Anti-social behaviour","BT13AJ"
"123086","2015-10",-5.488372,54.542548,"MEADOW CLOSE","Anti-social behaviour","BT222NS"
"324170","2017-01",-5.920374,54.645489,"SHORE ROAD","Anti-social behaviour","BT413NW"
"184408","2016-02",-7.323505,54.99628,"FAHAN STREET","Violence and sexual offences","BT486AQ"
"430293","2017-09",-6.450116,54.432272,"CHURCHILL PARK","Anti-social behaviour","BT621EX"
"295719","2016-10",-6.288652,54.348385,"LIMEWOOD","Violence and sexual offences","BT323FH"
"469498","2017-12",-6.744075,54.631905,"GLENWOOD CREST","Anti-social behaviour","BT808XU"
"320881","2017-01",-5.991745,54.992548,"WATERFALL ROAD","Anti-social behaviour","BT440LJ"
"385059","2017-06",-6.732877,54.638939,"COOLNAFRANKY PARK","Anti-social behaviour","BT808PN"
"291927","2016-10",-5.906516,54.684784,"HOLLYBANK WAY","Public order","BT370HQ"
"363032","2017-04",-7.346287,55.019275,"MANGAN COURT","Criminal damage and arson","BT480PF"
"372214","2017-05",-5.909003,54.595992,"PERRY COURT","Anti-social behaviour","BT54DU"
"427381","2017-09",-5.937749,54.582001,"WELLESLEY AVENUE","Anti-social behaviour","BT96DG"
"42911","2015-04",-6.044998,54.543467,"BARLEYWOOD MILL","Criminal damage and arson","BT283RZ"
"318481","2016-12",-6.274047,54.866408,"BALLYMONEY STREET","Violence and sexual offences","BT436AN"
"371273","2017-05",-6.953652,55.049409,"CATHERINE STREET","Anti-social behaviour","BT499DA"
"386933","2017-06",-5.936683,54.615614,"PONSONBY AVENUE","Anti-social behaviour","BT152LS"
"104415","2015-08",-5.939684,54.61323,"BRUCEVALE PARK","Vehicle crime","BT146BQ"
"197418","2016-03",-5.980367,54.594787,"BALLYMURPHY ROAD","Violence and sexual offences","BT127JN"
"9323","2015-01",-5.96962,54.58936,"ROCKMORE ROAD","Violence and sexual offences","BT127PD"
"407292","2017-07",-6.775254,54.500719,"BEECHVALLEY","Other theft","BT717BN"
"422329","2017-08",-6.279709,54.863308,"CLONAVON TERRACE","Vehicle crime","BT435BE"
"447006","2017-10",-5.933133,54.605023,"CARRICK HILL","Criminal damage and arson","BT12JH"
"443786","2017-10",-5.948743,54.689424,"BEECHGROVE CRESCENT","Anti-social behaviour","BT366JG"
"468577","2017-12",-6.185747,54.105389,"BEECHFIELD PARK","Anti-social behaviour","BT343AS"
"28530","2015-03",-5.953894,54.57932,"GREAT NORTHERN STREET","Burglary","BT97FN"
"454187","2017-11",-5.928894,54.598589,"CASTLE LANE","Anti-social behaviour","BT235EB"
"283366","2016-10",-6.796371,55.166333,"TUNNEL BRAE","Anti-social behaviour","BT514RH"
"41645","2015-04",-6.231114,54.48291,"TORWOOD","Anti-social behaviour","BT670NQ"
"474724","2017-12",-7.327385,54.995044,"LECKY ROAD","Violence and sexual offences","BT486NP"
"262890","2016-08",-5.95896,54.598319,"SPRINGFIELD ROAD","Drugs","BT205BZ"
"364788","2017-04",-6.270892,54.379776,"LENADERG ROAD","Other theft","BT324PT"
"257474","2016-08",-5.92559,54.585657,"DUDLEY STREET","Anti-social behaviour","BT71GW"
"364740","2017-04",-5.958874,54.608695,"HEATHER STREET","Drugs","BT133DQ"
"466401","2017-12",-6.225262,54.713466,"LOUGH ROAD","Anti-social behaviour","BT666JJ"
"409904","2017-07",-5.66555,54.592851,"ABBOT PARK","Violence and sexual offences","BT238XP"
"416431","2017-08",-6.300774,54.847209,"ROSSDALE","Anti-social behaviour","BT475RD"
"194739","2016-03",-6.212383,54.623478,"MILL ROAD","Other theft","BT344RH"
"76488","2015-06",-5.714017,54.58755,"MARCELLA PARK","Violence and sexual offences","BT234SF"
"17644","2015-02",-6.007643,54.540674,"LILAC WALK","Drugs","BT179QP"
"149639","2015-11",-7.652688,54.344571,"WINDMILL HEIGHTS","Other crime","BT747LN"
"345618","2017-03",-6.749926,54.647121,"BURN ROAD","Anti-social behaviour","BT808DN"
"157436","2015-12",-6.65452,55.117688,"GLENELDON COURT","Other theft","BT521TJ"
"309347","2016-12",-5.832307,54.638876,"HILLVIEW PLACE","Anti-social behaviour","BT189DL"
"189508","2016-03",-5.943539,54.690513,"GLENKYLE PARK","Anti-social behaviour","BT366SP"
"213558","2016-05",-5.663846,54.661476,"SPRINGFIELD AVENUE","Anti-social behaviour","BT127BA"
"309825","2016-12",-7.638878,54.344809,"TOWNHALL STREET","Anti-social behaviour","BT747BD"
"454525","2017-11",-7.46313,54.821705,"BALLYCOLMAN ESTATE","Anti-social behaviour","BT829AJ"
"177955","2016-02",-5.937051,54.592448,"MCADAM PARK","Anti-social behaviour","BT125ER"
"403292","2017-07",-6.787512,55.165078,"STABLE LANE","Anti-social behaviour","BT275QP"
"425880","2017-09",-6.683014,54.33144,"HILL STREET","Anti-social behaviour","BT12LB"
"295671","2016-10",-5.926248,54.599505,"POTTINGERS ENTRY","Violence and sexual offences","BT14DT"
"65127","2015-06",-7.369408,54.400783,"CLABBY ROAD","Anti-social behaviour","BT750QY"
"18806","2015-02",-5.897058,54.599559,"DEE STREET","Other theft","BT41FT"
"445641","2017-10",-5.925693,54.583035,"JERUSALEM STREET","Criminal damage and arson","BT71QN"
"154429","2015-12",-5.92881,54.585317,"CARMEL STREET","Burglary","BT71QE"
"55504","2015-05",-6.482083,54.956725,"MAIN STREET","Anti-social behaviour","BT936HW"
"373016","2017-05",-5.909907,54.658337,"RATHCOOLE DRIVE","Anti-social behaviour","BT379AE"
"37455","2015-04",-5.941804,54.258009,"MAIN STREET","Anti-social behaviour","BT936HW"
"395506","2017-06",-5.810912,54.851015,"GLYNNVIEW AVENUE","Violence and sexual offences","BT401BT"
"270253","2016-09",-5.905398,54.600485,"FRASER PASS","Anti-social behaviour","BT41BP"
"375748","2017-05",-5.890989,54.403341,"THE SIDINGS","Anti-social behaviour","BT746GZ"
"76251","2015-06",-5.90613,54.595286,"ALBERTBRIDGE ROAD","Violence and sexual offences","BT54GS"
"167656","2016-01",-5.698505,54.595396,"ROBERT STREET","Criminal damage and arson","BT234DN"
"226341","2016-05",-6.774888,54.505225,"DONAGHMORE ROAD","Violence and sexual offences","BT701HB"
"22203","2015-02",-5.9336,54.5946,"AMELIA STREET","Violence and sexual offences","BT27GS"
"220062","2016-05",-6.014498,54.066634,"NEWRY ROAD","Criminal damage and arson","BT323NB"
"404524","2017-07",-6.66509,54.351377,"GLEN MACHA","Criminal damage and arson","BT618AF"
"180580","2016-02",-6.213913,54.708295,"GREENVALE MANOR GARDENS","Drugs","BT411SA"
"339330","2017-02",-5.946786,54.666443,"COLLINWARD AVENUE","Possession of weapons","BT366DY"
"185723","2016-02",-6.325051,54.747104,"CHURCH VIEW","Violence and sexual offences","BT189DP"
"272461","2016-09",-6.266156,54.85573,"CHICHESTER PARK EAST","Anti-social behaviour","BT424BH"
"4395","2015-01",-5.909534,54.588346,"RAVENHILL AVENUE","Burglary","BT68LG"
"32249","2015-03",-6.622195,55.157913,"DRUMADRAGH","Possession of weapons","BT522PA"
"168941","2016-01",-6.611389,54.75596,"RAINEY STREET","Drugs","BT455AH"
"190139","2016-03",-5.744017,54.548352,"PARK WAY","Anti-social behaviour","BT235AR"
"86565","2015-07",-6.946046,55.039372,"GORTEEN CRESCENT","Criminal damage and arson","BT499EW"
"214045","2016-05",-5.531253,54.641107,"EDWARD STREET","Anti-social behaviour","BT666DD"
"374163","2017-05",-6.78403,54.503574,"ASHDENE","Anti-social behaviour","BT701JL"
"307161","2016-11",-5.850636,54.862435,"WALNUT DRIVE","Violence and sexual offences","BT402WQ"
"13734","2015-02",-5.898777,54.589022,"EUSTON STREET","Anti-social behaviour","BT69AF"
"232800","2016-06",-7.321208,55.016676,"RACECOURSE ROAD","Criminal damage and arson","BT488DS"
"268403","2016-08",-6.341111,54.178389,"LOWER CATHERINE STREET","Other crime","BT356BE"
"102155","2015-08",-6.077247,54.521513,"RATHVARNA AVENUE","Drugs","BT282UZ"
"143956","2015-11",-6.65275,54.346343,"LINENHALL STREET","Drugs","BT490HQ"
"87657","2015-07",-6.220787,54.968256,"DUNAGHY WOOD","Other theft","BT436QJ"
"224058","2016-05",-6.400355,54.4789,"FOXGROVE","Violence and sexual offences","BT666ND"
"375902","2017-05",-5.914614,54.595496,"MAYS MEADOW","Bicycle theft","BT13BL"
"4637","2015-01",-7.153534,54.911809,"MAIN STREET","Burglary","BT936HW"
"247734","2016-07",-6.051193,54.555822,"MOUNT EAGLES AVENUE","Criminal damage and arson","BT170GT"
"241854","2016-07",-5.922211,54.641064,"SHORE CRESCENT","Anti-social behaviour","BT154JS"
"183189","2016-02",-6.683756,55.116067,"SOMERSET COURT","Vehicle crime","BT513LQ"
"198584","2016-03",-5.719564,54.325094,"MARKET STREET","Violence and sexual offences","BT622BP"
"42031","2015-04",-5.538429,54.631064,"GARRET ROCKS","Bicycle theft","BT210JR"
"300610","2016-11",-5.942423,54.604346,"SHANKILL PARADE","Burglary","BT131DS"
"42437","2015-04",-6.289948,54.854693,"GRANGEGORM DRIVE","Burglary","BT422EE"
"305531","2016-11",-6.814161,54.532398,"LISMORE DRIVE","Violence and sexual offences","BT703EL"
"443177","2017-10",-5.869773,54.585954,"CLARAWOOD PARK","Anti-social behaviour","BT56FW"
"316749","2016-12",-7.330476,54.994289,"DOVE GARDENS","Vehicle crime","BT489HD"
"308202","2016-12",-6.678039,54.849388,"SUNNYSIDE PARK","Anti-social behaviour","BT465BG"
"395474","2017-06",-6.447077,54.42218,"WEST STREET","Violence and sexual offences","BT389HR"
"113521","2015-09",-7.328032,55.003087,"ACADEMY ROAD","Burglary","BT487LA"
"130975","2015-10",-5.703103,54.591791,"JOHN STREET COURT","Criminal damage and arson","BT234JQ"
"150458","2015-12",-5.668234,54.659557,"MARKET STREET","Anti-social behaviour","BT622BP"
"134739","2015-10",-6.274047,54.866408,"BALLYMONEY STREET","Violence and sexual offences","BT436AN"
"390314","2017-06",-5.929316,54.430071,"MAGHERAKNOCK ROAD","Burglary","BT248TJ"
"382712","2017-05",-5.93528,54.58585,"UNIVERSITY SQUARE MEWS","Violence and sexual offences","BT71JU"
"455694","2017-11",-5.95465,54.598174,"DUNLEWEY STREET","Anti-social behaviour","BT132QU"
"148516","2015-11",-7.354937,54.957699,"PRIMITY CRESCENT","Violence and sexual offences","BT472RB"
"63335","2015-05",-7.317623,55.022486,"CARNHILL","Violence and sexual offences","BT488BA"
"278230","2016-09",-6.606788,54.754694,"MARKET STREET","Shoplifting","BT622BP"
"175775","2016-02",-5.897717,54.58107,"HADDINGTON GARDENS","Anti-social behaviour","BT60AN"
"313894","2016-12",-6.36349,54.437338,"GARRYMORE","Criminal damage and arson","BT655JF"
"356135","2017-03",-5.634319,54.6588,"COTSWOLD DRIVE","Violence and sexual offences","BT204SF"
"139037","2015-11",-6.026995,54.576095,"HANNAHGLEN HEIGHTS","Anti-social behaviour","BT170NE"
"340169","2017-02",-6.756597,54.402405,"CARRICKANESS ROAD","Vehicle crime","BT717NH"
"282693","2016-10",-5.672213,54.64718,"SKIPPERSTONE ROAD","Anti-social behaviour","BT204ES"
"260670","2016-08",-5.939684,54.61323,"BRUCEVALE PARK","Burglary","BT146BQ"
"227326","2016-06",-6.184946,54.711036,"DONORE CRESCENT","Anti-social behaviour","BT411JA"
"143468","2015-11",-6.194595,54.718063,"RATHKYLE","Criminal damage and arson","BT411LW"
"129943","2015-10",-5.968483,55.046832,"TOWER ROAD","Criminal damage and arson","BT237PN"
"14655","2015-02",-6.339119,54.175351,"THE MALL","Anti-social behaviour","BT341BX"
"215000","2016-05",-5.930261,54.598181,"DONEGALL PLACE","Anti-social behaviour","BT15AB"
"75722","2015-06",-5.940387,54.658131,"ANTRIM ROAD","Violence and sexual offences","BT152AH"
"329897","2017-01",-6.561983,54.659364,"BALLINDERRY BRIDGE ROAD","Violence and sexual offences","BT800BT"
"330638","2017-01",-6.028517,54.554503,"ALTAN WALK","Violence and sexual offences","BT170UH"
"153560","2015-12",-7.164345,54.414999,"FERNDALE","Anti-social behaviour","BT829TH"
"74003","2015-06",-6.039844,54.556834,"WHITE RISE","Other theft","BT170XD"
"235664","2016-06",-5.888655,54.59598,"BLOOMFIELD AVENUE","Other theft","BT55AB"
"12254","2015-02",-7.334027,54.991209,"DEANERY STREET","Anti-social behaviour","BT489HR"
"233068","2016-06",-5.915143,54.596349,"LAGANBANK ROAD","Criminal damage and arson","BT13LT"
"371168","2017-05",-7.321632,55.028598,"FERN PARK","Anti-social behaviour","BT488HF"
"399961","2017-07",-5.951303,54.682944,"CARNVUE AVENUE","Anti-social behaviour","BT366RA"
"462575","2017-11",-6.441213,54.422032,"SANDY ROW","Violence and sexual offences","BT125EU"
"224726","2016-05",-6.272854,54.847318,"DRUMTARA","Violence and sexual offences","BT423DG"
"204659","2016-04",-7.352804,55.014567,"INCH VIEW","Anti-social behaviour","BT480QS"
"206691","2016-04",-7.314978,54.376734,"BREAKLY WAY","Criminal damage and arson","BT750PB"
"274824","2016-09",-6.936514,55.0437,"DRUMACHOSE PARK","Criminal damage and arson","BT490NZ"
"65445","2015-06",-6.399599,54.356745,"TULLYHUGH PARK","Anti-social behaviour","BT622DN"
"264053","2016-08",-5.927784,54.603997,"ACADEMY STREET","Other theft","BT12LS"
"431443","2017-09",-7.35797,54.183568,"GALLOON GARDENS","Burglary","BT928GT"
"29333","2015-03",-6.607457,54.749222,"LECKAGH DRIVE","Criminal damage and arson","BT456JS"
"245924","2016-07",-5.951492,54.256988,"BURREN WALK","Bicycle theft","BT319AF"
"259349","2016-08",-6.656131,55.145293,"MOSSVALE PARK","Anti-social behaviour","BT344EL"
"55461","2015-05",-6.670388,55.128804,"NEW ROW","Anti-social behaviour","BT521AF"
"322523","2017-01",-6.652798,54.348653,"JENNYS ROW","Anti-social behaviour","BT619AP"
"428316","2017-09",-7.295254,54.600677,"CAMPSIE ROAD","Anti-social behaviour","BT790AG"
"360579","2017-04",-5.928635,54.592727,"ORMEAU AVENUE","Anti-social behaviour","BT28HB"
"437575","2017-09",-5.937749,54.582001,"WELLESLEY AVENUE","Violence and sexual offences","BT96DG"
"469137","2017-12",-6.688922,54.533916,"TIROWEN COURT","Anti-social behaviour",NA
"183138","2016-02",-7.169541,55.026353,"GRANCHESTER PARK","Vehicle crime","BT473XR"
"325475","2017-01",-5.931561,54.588715,"VERNON STREET","Criminal damage and arson","BT71EW"
"42821","2015-04",-5.931645,54.61179,"LEPPER STREET","Burglary","BT152DN"
"470850","2017-12",-6.064871,54.504298,"LISSUE COURT","Criminal damage and arson","BT281NX"
"31069","2015-03",-6.25409,55.200171,"CASTLE STREET","Other theft","BT307QQ"
"427752","2017-09",-6.672267,55.130765,"ABBEY STREET","Anti-social behaviour","BT204JB"
"33900","2015-03",-5.672823,54.647893,"ABBOT'S WALK","Violence and sexual offences","BT204EL"
"114373","2015-09",-6.02865,54.56136,"GLENWOOD DRIVE","Criminal damage and arson","BT170QT"
"217825","2016-05",-5.927653,54.600778,"WARING STREET","Anti-social behaviour","BT424BU"
"167610","2016-01",-6.77009,54.508707,"QUARRY LANE","Criminal damage and arson","BT701HX"
"73434","2015-06",-5.911809,54.590748,"PARK PARADE","Other theft","BT68GG"
"203589","2016-04",-5.484385,54.542797,"GREYABBEY ROAD","Anti-social behaviour","BT222NY"
"202198","2016-04",-6.652293,54.345754,"DOBBIN STREET","Anti-social behaviour","BT617QQ"
"213341","2016-05",-6.455651,54.41707,"CLOUNAGH PARK","Anti-social behaviour","BT623QB"
"73027","2015-06",-5.923999,54.598389,"VICTORIA SQUARE","Drugs","BT14QG"
"213188","2016-05",-5.945343,54.598007,"ALBERT STREET","Anti-social behaviour","BT666JG"
"52477","2015-05",-6.275476,54.86067,"JAMES STREET","Anti-social behaviour","BT781AP"
"404979","2017-07",-5.70894,54.316006,"BALLYMOTE PARK","Criminal damage and arson","BT306RW"
"252152","2016-07",-7.457651,54.513891,"OMAGH ROAD","Violence and sexual offences","BT784QY"
"255533","2016-08",-6.631357,54.492015,"MULLENAKILL PARK","Anti-social behaviour","BT716PG"
"213403","2016-05",-6.197727,54.710446,"KNOCKMOYLE DRIVE","Anti-social behaviour","BT411HE"
"24395","2015-03",-7.303834,54.613771,"SHERGRIM GLEN","Anti-social behaviour","BT797GS"
"452311","2017-10",-6.228015,54.481059,"VILLAGE GREEN","Violence and sexual offences","BT390UD"
"136887","2015-10",-5.716689,54.327879,"MARKET LANE","Violence and sexual offences","BT281YG"
"454091","2017-11",-5.954924,54.583767,"RUNNYMEDE DRIVE","Anti-social behaviour","BT126LZ"
"283354","2016-10",-5.949771,54.665658,"ELMFIELD AVENUE","Anti-social behaviour","BT367RS"
"119788","2015-09",-5.94649,54.602582,"MORPETH STREET","Violence and sexual offences","BT132HZ"
"442276","2017-10",-6.270181,55.205072,"WHITEPARK ROAD","Anti-social behaviour","BT546LP"
"325728","2017-01",-7.344906,54.996586,"FANAD DRIVE","Criminal damage and arson","BT489QE"
"381627","2017-05",-5.919593,54.668351,"IONA GARDENS","Violence and sexual offences","BT379EX"
"423735","2017-08",-5.63113,54.659008,"ASHFORD DRIVE","Violence and sexual offences","BT196DA"
"89577","2015-07",-5.695707,54.654764,"LYNDHURST CRESCENT","Theft from the person","BT133XF"
"11161","2015-01",-5.927313,54.599865,"HIGH STREET","Other crime","BT248AB"
"192700","2016-03",-6.698884,54.534958,"PINE BANK PARK","Criminal damage and arson","BT714RL"
"428960","2017-09",-6.245007,54.342897,"BALLYDOWN MEADOWS","Anti-social behaviour","BT324QX"
"189284","2016-03",-6.752562,54.500262,"EASTVALE AVENUE","Anti-social behaviour","BT716DL"
"242625","2016-07",-6.969432,54.484329,"DERGENAGH ROAD","Anti-social behaviour","BT701TW"
"424435","2017-08",-5.900336,54.583388,"WILLOWHOLME DRIVE","Violence and sexual offences","BT68PA"
"137840","2015-11",-6.604976,54.75002,"SPERRIN DRIVE","Anti-social behaviour","BT679EH"
"26454","2015-03",-7.31368,54.593462,"O'KANE PARK","Anti-social behaviour","BT829EY"
"160818","2015-12",-6.703201,54.246838,"HIGH STREET","Violence and sexual offences","BT248AB"
"380887","2017-05",-6.077263,54.526437,"NETTLEHILL ROAD","Violence and sexual offences","BT283HA"
"252483","2016-07",-7.738864,54.520135,"CREVENISH ROAD","Violence and sexual offences",NA
"398326","2017-07",-6.284084,54.858195,"LEIGHINMOHR AVENUE","Anti-social behaviour","BT422AN"
"97969","2015-08",-5.925203,54.602102,"VICTORIA STREET","Anti-social behaviour","BT679DG"
"315205","2016-12",-5.959226,54.597038,"IRIS STREET","Other theft","BT127AR"
"109323","2015-09",-5.795715,54.502285,"OAKDALE","Anti-social behaviour","BT235TT"
"336451","2017-02",-5.83955,54.858869,"GARRON WALK","Criminal damage and arson","BT402AU"
"120471","2015-09",-6.198521,54.72229,"CENTRAL PARK","Violence and sexual offences","BT411DQ"
"83662","2015-07",-5.944303,54.610955,"CLIFTONPARK AVENUE","Anti-social behaviour","BT146DT"
"141974","2015-11",-6.042191,54.429375,"DRUMLOUGH ROAD","Burglary","BT266PX"
"191312","2016-03",-5.910486,54.555845,"BREDA ROAD","Anti-social behaviour","BT87BU"
"137364","2015-10",-6.354408,54.891206,"KILMAKEVIT SQUARE","Other crime","BT421NJ"
"364388","2017-04",-5.660342,54.654481,"DEMESNE AVENUE","Drugs","BT667BL"
"410931","2017-07",-6.254299,54.859837,"SHETLAND GARDENS","Violence and sexual offences","BT424ER"
"413266","2017-08",-5.91735,54.575237,"WHITEHALL GARDENS","Anti-social behaviour","BT73GW"
"15690","2015-02",-5.898253,54.586883,"HILLSBOROUGH GARDENS","Burglary","BT69DT"
"476486","2017-12",-6.962922,54.461149,"LOUGHANS ROAD","Violence and sexual offences","BT696BJ"
"92098","2015-07",-6.444747,54.422284,"WILLIAM STREET","Violence and sexual offences","BT486EP"
"394989","2017-06",-7.466143,54.810292,"BELL DOO","Violence and sexual offences",NA
"256815","2016-08",-5.933398,54.597974,"COLLEGE STREET","Anti-social behaviour","BT16ET"
"298557","2016-11",-5.890907,54.216019,"DUNWELLAN PARK","Anti-social behaviour","BT330DD"
"209283","2016-04",-6.666339,55.151945,"WILLOWFIELD AVENUE","Vehicle crime","BT522NP"
"90968","2015-07",-6.683354,55.12068,"BURNSIDE PARK","Violence and sexual offences","BT513AJ"
"165397","2016-01",-6.040998,54.505998,"EDGEWATER","Anti-social behaviour","BT275PZ"
"72494","2015-06",-5.905956,54.590225,"ROSLYN STREET","Criminal damage and arson","BT68JL"
"304265","2016-11",-5.932543,54.587061,"BOTANIC AVENUE","Shoplifting","BT71JL"
"287403","2016-10",-5.967206,54.63065,"TYNDALE GROVE","Anti-social behaviour","BT148HP"
"332843","2017-02",-6.59798,54.321722,"MARKETHILL ROAD","Anti-social behaviour","BT623SL"
"94079","2015-08",-7.377871,54.717813,"MAIN STREET","Anti-social behaviour","BT936HW"
"184756","2016-02",-5.902374,54.664972,"ABBEYDENE MANOR","Violence and sexual offences","BT379JQ"
"141854","2015-11",-5.980395,54.771232,"BALLYCORR ROAD","Burglary","BT399DD"
"391369","2017-06",-7.593242,54.707903,"MEETINGHOUSE LANE","Criminal damage and arson","BT817BQ"
"290795","2016-10",-5.930979,54.60416,"UNION STREET","Other theft","BT536HT"
"342854","2017-02",-5.828984,54.848842,"INVER GARDENS MEWS","Violence and sexual offences","BT403NS"
"107108","2015-08",-6.335799,54.177929,"TREVOR HILL","Violence and sexual offences","BT341DN"
"447267","2017-10",-6.333109,54.460516,"CORONATION STREET","Drugs","BT623BA"
"66617","2015-06",-5.949977,54.609254,"JAFFA STREET","Anti-social behaviour",NA
"323785","2017-01",-5.934882,54.589437,"DONEGALL ROAD","Anti-social behaviour","BT126HN"
"5913","2015-01",-7.306297,54.598244,"FAIRMOUNT ROAD","Criminal damage and arson","BT781NA"
"153481","2015-12",-5.872068,54.696143,"GLASSILLAN GROVE","Anti-social behaviour","BT388TB"
"389971","2017-06",-7.468321,54.823291,"BALLYCOLMAN AVENUE","Burglary","BT829AF"
"184298","2016-02",-5.70559,54.578656,"BLENHEIM DRIVE","Violence and sexual offences","BT234RB"
"134085","2015-10",-6.414222,54.353704,"THE SQUARE","Violence and sexual offences","BT717SG"
"408445","2017-07",-6.093105,54.703633,"THORNLEIGH","Vehicle crime","BT666ER"
"183273","2016-02",-6.744976,54.645884,"CENTRAL AVENUE","Violence and sexual offences","BT203AF"
"289877","2016-10",-7.322908,55.001154,"CLARENDON STREET","Criminal damage and arson","BT487ET"
"307829","2016-12",-6.471605,55.127667,"CASTLECAT ROAD","Anti-social behaviour","BT538AP"
"178719","2016-02",-7.276845,54.592592,"CREVENAGH VIEW","Burglary","BT790JH"
"34371","2015-03",-6.334009,54.469477,"VICTORIA STREET","Violence and sexual offences","BT679DG"
"235709","2016-06",-5.990915,54.676213,"BLACKWATER BUSINESS PARK","Other theft",NA
"437629","2017-09",-6.643578,55.134841,"RING ROAD","Violence and sexual offences","BT521QP"
"392622","2017-06",-5.92591,54.598233,"VICTORIA SQUARE","Other theft","BT14QG"
"263209","2016-08",-7.629469,54.349766,"FLORAVILLE","Other theft","BT746AP"
"429068","2017-09",-5.946165,54.614554,"ROSEVALE STREET","Anti-social behaviour","BT146GJ"
"390874","2017-06",-5.96074,54.598313,"CAVENDISH COURT","Criminal damage and arson","BT127LF"
"35300","2015-03",-5.932667,54.654819,"OLD THRONE PARK","Violence and sexual offences","BT367SG"
"391619","2017-06",-6.631469,54.189712,"KNOCKOWEN ROAD","Criminal damage and arson","BT350EG"
"328119","2017-01",-5.801218,54.593802,"BURTON AVENUE","Shoplifting","BT161RU"
"207886","2016-04",-5.847476,54.743374,"LIBERTY ROAD","Other theft","BT389DJ"
"445831","2017-10",-7.324092,55.031073,"BROOKDALE CRESCENT","Criminal damage and arson","BT488JU"
"131506","2015-10",-7.341248,55.019571,"BRANCH ROAD","Drugs","BT401TX"
"303675","2016-11",-5.928635,54.592727,"ORMEAU AVENUE","Other theft","BT28HB"
"136805","2015-10",-5.810723,54.719031,"SKELTON COURT","Violence and sexual offences","BT388SH"
"50320","2015-04",-7.313165,55.028075,"DRUMLECK GARDENS","Violence and sexual offences","BT488ET"
"166526","2016-01",-5.928441,54.636148,"FAIRHILL PARK","Anti-social behaviour","BT154FY"
"373443","2017-05",-6.003626,54.55236,"RAILWAY STREET","Anti-social behaviour","BT617HP"
"288780","2016-10",-5.863729,54.579657,"NORTHFIELD RISE","Criminal damage and arson","BT57LE"
"179321","2016-02",-6.507607,54.868264,"BEECHLAND GARDENS","Criminal damage and arson","BT448NA"
"227151","2016-06",-5.97979,54.559871,"DOON END","Anti-social behaviour","BT100ED"
"427186","2017-09",-6.02492,54.522745,"GLENMORE DRIVE","Anti-social behaviour","BT274RU"
"50096","2015-04",-7.405679,54.85541,"MILL VIEW","Violence and sexual offences","BT820HH"
"169854","2016-01",-5.894829,54.58128,"THE VILLAGE GREEN","Other theft","BT473WB"
"73067","2015-06",-6.744976,54.645884,"CENTRAL AVENUE","Other theft","BT203AF"
"387829","2017-06",-6.046705,54.511284,"BOW STREET","Anti-social behaviour","BT281AW"
"209479","2016-04",-5.522478,54.59767,"BALLYROLLY COTTAGES","Vehicle crime","BT222FE"
"389059","2017-06",-5.84888,54.861191,"WALNUT DRIVE","Anti-social behaviour","BT402WQ"
"302992","2016-11",-5.715611,54.322926,"THOMAS RUSSELL PARK","Other theft","BT306NH"
"258566","2016-08",-5.936427,54.59835,"COLLEGE PLACE NORTH","Anti-social behaviour","BT16BE"
"146333","2015-11",-5.946673,54.586026,"DUNLUCE AVENUE","Vehicle crime","BT97AW"
"335949","2017-02",-6.943072,55.03825,"WOODLAND WALK","Burglary","BT499DQ"
"374385","2017-05",-6.280561,54.865971,"CULLYBACKEY ROAD","Anti-social behaviour","BT435DG"
"441062","2017-10",-7.598538,54.418104,"DRUMMURRY COURT","Anti-social behaviour","BT942EE"
"71878","2015-06",-5.895212,54.589158,"WAYLAND STREET","Criminal damage and arson","BT55GU"
"442009","2017-10",-5.79577,54.58293,"COMBER ROAD","Anti-social behaviour","BT88AN"
"434078","2017-09",-5.914071,54.571002,"ROSETTA PARK","Other theft","BT60DL"
"238618","2016-06",-6.043848,54.507419,"CROMMELIN PLACE","Violence and sexual offences","BT281YL"
"143978","2015-11",-6.450649,54.431632,"CHURCHILL PARK","Drugs","BT621EX"
"228772","2016-06",-6.333546,54.179102,"SANDYS STREET","Anti-social behaviour","BT341EN"
"168038","2016-01",-6.359474,54.37352,"DUNBARTON STREET","Criminal damage and arson","BT636HJ"
"298272","2016-11",-5.63174,54.654644,"FERNMORE ROAD","Anti-social behaviour","BT196DY"
"65528","2015-06",-6.084568,54.460802,"THE SQUARE","Anti-social behaviour","BT717SG"
"11539","2015-02",-5.440688,54.458417,"PRINCESS ANNE ROAD","Anti-social behaviour","BT221DT"
"2950","2015-01",-6.690651,54.982372,"LYTTLESDALE","Anti-social behaviour","BT515EA"
"397582","2017-06",-6.440433,54.4239,"BRIDGE STREET SOUTH","Other crime","BT623NW"
"79146","2015-07",-6.781015,54.501648,"WINDMILL DRIVE","Anti-social behaviour","BT248WD"
"143470","2015-11",-6.740889,54.648294,"LIME GARDENS","Criminal damage and arson","BT808YP"
"290818","2016-10",-6.306009,54.249438,"AUGHNACAVAN ROAD","Other theft","BT341NF"
"231820","2016-06",-5.911571,54.605066,"QUEENS ROAD","Anti-social behaviour","BT39FB"
"441201","2017-10",-5.948244,54.614463,"BALLYMENA COURT","Anti-social behaviour","BT146HE"
"395335","2017-06",-5.70875,54.759116,"HILLSIDE PARK","Violence and sexual offences","BT235SN"
"389011","2017-06",-5.93264,54.600091,"CHAPEL LANE","Anti-social behaviour","BT319PQ"
"79606","2015-07",-7.323033,55.016911,"BUNCRANA ROAD","Anti-social behaviour","BT488LB"
"38994","2015-04",-5.683833,54.652911,"BEECHWOOD GARDENS","Anti-social behaviour","BT203JD"
"365779","2017-04",-5.969636,54.614222,"MOUNTAINVIEW PARADE","Possession of weapons","BT147GY"
"433941","2017-09",-6.048572,54.503219,"HILLSBOROUGH ROAD","Other theft","BT252BL"
"112464","2015-09",-5.940605,54.600811,"FINGALS COURT","Anti-social behaviour","BT132DP"
"179767","2016-02",-6.306494,54.379742,"LAWRENCEVALE","Criminal damage and arson","BT636EN"
"102125","2015-08",-6.375944,54.189636,"CLOUGHREAGH PARK","Drugs","BT357EH"
"431140","2017-09",-5.913227,54.603864,"QUEENS ROAD","Bicycle theft","BT39FB"
"105538","2015-08",-5.97979,54.559871,"DOON END","Violence and sexual offences","BT100ED"
"260541","2016-08",-6.451167,54.419546,"FITZROY STREET","Burglary","BT623HF"
"83770","2015-07",-5.895892,54.578657,"MAYFAIR AVENUE","Anti-social behaviour","BT69JA"
"346340","2017-03",-6.477336,54.87459,"RIVERDALE PARK","Anti-social behaviour","BT448HX"
"182653","2016-02",-6.249822,55.200442,"STATION STREET","Shoplifting","BT39DA"
"118529","2015-09",-5.950811,54.587417,"DONEGALL AVENUE","Vehicle crime","BT126LX"
"132655","2015-10",-7.318883,54.994278,"BRIDGE STREET","Other theft","BT281XZ"
"374281","2017-05",-7.317373,55.010537,"STRAND ROAD","Anti-social behaviour","BT487AD"
"84185","2015-07",-5.824063,54.592517,"ARDCARN DRIVE","Anti-social behaviour","BT57RS"
"358910","2017-04",-5.93543,54.595116,"GLENGALL STREET","Anti-social behaviour","BT125AB"
"62482","2015-05",-5.958902,54.595784,"EARLSCOURT STREET","Violence and sexual offences","BT127AS"
"198234","2016-03",-7.313355,54.498703,"MEADOW BROOK","Violence and sexual offences","BT782AN"
"182442","2016-02",-5.774041,54.728462,"HIGGINS COURT","Shoplifting","BT387PS"
"463658","2017-11",-5.892085,54.219679,"BALLAGHBEG PARK","Violence and sexual offences","BT330BU"
"39636","2015-04",-5.919718,54.579159,"ORMEAU ROAD","Anti-social behaviour","BT73GA"
"77072","2015-06",-5.901698,54.591795,"CANTON COURT","Violence and sexual offences","BT69EL"
"406010","2017-07",-5.75934,54.39618,"THE SQUARE","Drugs","BT717SG"
"394288","2017-06",-5.925804,54.602454,"DUNBAR STREET","Vehicle crime","BT12LH"
"66710","2015-06",-7.331151,54.9997,"MARLBOROUGH STREET","Anti-social behaviour","BT489AY"
"57406","2015-05",-7.465774,54.826433,"MAIN STREET","Criminal damage and arson","BT936HW"
"12870","2015-02",-6.362021,54.371775,"WHINNY HILL","Anti-social behaviour","BT636HS"
"88544","2015-07",-6.230057,54.480218,"CASTLEVUE GARDENS","Other theft","BT670JU"
"90078","2015-07",-6.456388,54.435147,"BALLYORAN PARK","Violence and sexual offences","BT621JN"
"262106","2016-08",-5.947854,54.625598,"OLD WESTLAND ROAD","Criminal damage and arson","BT146TE"
"439874","2017-10",-5.923358,54.600947,"QUEENS SQUARE","Anti-social behaviour","BT13FF"
"143136","2015-11",-6.360993,54.851855,"KILLANE PARK","Criminal damage and arson","BT421JS"
"395270","2017-06",-7.160029,54.52579,"CLOGHERNY ROAD","Violence and sexual offences","BT790RN"
"232635","2016-06",-6.705631,54.247133,"DAVIS STREET","Burglary","BT603RS"
"416332","2017-08",-5.648252,54.665254,"BALLYHOLME ESPLANADE","Anti-social behaviour","BT205NJ"
"125424","2015-10",-5.666548,54.664629,"CROSBY STREET","Anti-social behaviour","BT132HJ"
"361676","2017-04",-6.654408,55.207653,"BATH STREET","Anti-social behaviour","BT307SE"
"409814","2017-07",-6.268741,54.873906,"HUGOMONT PARK","Violence and sexual offences","BT436HP"
"406964","2017-07",-5.969535,54.600707,"SPRINGFIELD ROAD","Other theft","BT205BZ"
"460672","2017-11",-6.780717,54.503352,"BALLYGAWLEY ROAD","Other theft","BT701RW"
"53208","2015-05",-7.351981,55.016206,"DRUMARD PARK","Anti-social behaviour","BT480RL"
"97827","2015-08",-5.869338,54.834193,"BELFAST ROAD","Anti-social behaviour","BT248EB"
"193236","2016-03",-7.307808,54.985996,"GELVIN GARDENS","Criminal damage and arson","BT472DQ"
"252155","2016-07",-5.931955,54.603844,"UNION STREET","Violence and sexual offences","BT536HT"
"31414","2015-03",-6.320757,54.748024,"THE PARADE","Other theft","BT413AA"
"410100","2017-07",-6.663686,55.133707,"RAILWAY PLACE","Violence and sexual offences","BT521PQ"
"48795","2015-04",-7.310643,54.995525,"BONDS HILL","Violence and sexual offences","BT476DW"
"158033","2015-12",-5.977077,54.572503,"STOCKMANS WAY","Other theft","BT97GG"
"360378","2017-04",-5.683013,54.661863,"MAXWELL PARK","Anti-social behaviour","BT203SH"
"241794","2016-07",-6.027407,54.547719,"BROOM PARK","Anti-social behaviour","BT170DL"
"279188","2016-09",-6.167305,54.129702,"KILBRONEY ROAD","Violence and sexual offences","BT343BW"
"298657","2016-11",-5.892767,54.571792,"DOWNSHIRE PARK SOUTH","Anti-social behaviour","BT69JT"
"255729","2016-08",-7.659868,54.346595,"TRASNA PARK","Anti-social behaviour","BT747NG"
"109303","2015-09",-5.965442,54.609228,"BALLYGOMARTIN ROAD","Anti-social behaviour","BT133NA"
"190826","2016-03",-6.344304,54.159043,"HIGHFIELDS DRIVE","Anti-social behaviour","BT358UQ"
"432512","2017-09",-6.343742,54.465298,"ELMWOOD TERRACE","Criminal damage and arson","BT489JG"
"208953","2016-04",-5.924812,54.627406,"FORTWILLIAM CRESCENT","Shoplifting","BT153RD"
"346118","2017-03",-5.83213,54.459536,"DOWNPATRICK STREET","Anti-social behaviour","BT309EA"
"49588","2015-04",-6.021081,54.569197,"MERRION PARK","Violence and sexual offences","BT170SE"
"221618","2016-05",-5.946895,54.587755,"PANDORA STREET","Other theft","BT125PR"
"231408","2016-06",-6.191271,54.504252,"MAGHABERRY ROAD","Anti-social behaviour","BT670JE"
"396814","2017-06",-6.688942,54.449431,"OAKFIELD CLOSE","Violence and sexual offences","BT717JR"
"206099","2016-04",-5.933461,54.593357,"HOPE STREET","Criminal damage and arson","BT435EE"
"101395","2015-08",-5.931361,54.577418,"RIDGEWAY STREET","Criminal damage and arson","BT95FB"
"353140","2017-03",-6.139643,54.685804,"BALLYROBIN ROAD","Vehicle crime","BT414TF"
"127537","2015-10",-7.213844,54.980601,"LETTERSHENDONY AVENUE","Anti-social behaviour","BT473HY"
"20416","2015-02",-7.442467,54.252212,"MAIN STREET","Violence and sexual offences","BT936HW"
"415712","2017-08",-6.663828,55.150579,"LOUGHANHILL PARK","Anti-social behaviour","BT522QD"
"204436","2016-04",-7.315179,54.599058,"STRULE PARK","Anti-social behaviour","BT785HW"
"170924","2016-01",-6.113566,54.443297,"HILLSBOROUGH ROAD","Vehicle crime","BT252BL"
"429980","2017-09",-6.66828,55.131377,"SOCIETY STREET","Anti-social behaviour","BT521LA"
"278211","2016-09",-7.634071,54.342405,"THE POINT","Shoplifting","BT746JQ"
"44810","2015-04",-5.531806,54.607197,"ABBEY ROAD","Drugs","BT222DG"
"129518","2015-10",-5.801779,54.717961,"MCKEENS AVENUE","Criminal damage and arson","BT387HS"
"185006","2016-02",-5.645641,54.664026,"SANDRINGHAM GARDENS","Violence and sexual offences","BT205NB"
"144205","2015-11",-6.679607,54.573596,"CHAMBRE PARK","Drugs","BT715JB"
"49059","2015-04",-5.945246,54.612831,"MANOR STREET","Violence and sexual offences","BT146ED"
"43459","2015-04",-5.982119,54.599408,"SPRINGFIELD PARK","Criminal damage and arson","BT133PZ"
"247511","2016-07",-5.915143,54.596349,"LAGANBANK ROAD","Criminal damage and arson","BT13LT"
"381316","2017-05",-5.924925,54.599348,"UPPER CHURCH LANE","Violence and sexual offences","BT635JE"
"198656","2016-03",-7.579888,54.498927,"TULLYNIN ROAD","Violence and sexual offences",NA
"277270","2016-09",-6.741749,54.506044,"BUSH ROAD","Other theft","BT716QE"
"225943","2016-05",-6.087765,54.477232,"EGLANTINE PARK","Violence and sexual offences","BT266HL"
"15911","2015-02",-5.944855,54.255293,"MOURNE PARK","Burglary","BT784BL"
"382359","2017-05",-6.065592,54.52431,"BRAMBLING CLOSE","Violence and sexual offences","BT283PN"
"421509","2017-08",-6.338388,54.175242,"MARCUS STREET","Other theft","BT341ET"
"400848","2017-07",-6.338264,54.161916,"FATHOM PARK","Anti-social behaviour",NA
"218203","2016-05",-5.966672,54.682907,"CARWOOD PARADE","Burglary","BT365LS"
"401574","2017-07",-6.371859,54.295036,"BRANNOCK MEADOWS","Anti-social behaviour","BT356UE"
"209754","2016-04",-5.921771,54.59959,"ANN STREET","Violence and sexual offences","BT546AA"
"442338","2017-10",-6.212749,54.718511,"MOUNT ORIEL COURT","Anti-social behaviour","BT414JU"
"5638","2015-01",-5.918121,54.600758,"STATION STREET","Criminal damage and arson","BT39DA"
"379207","2017-05",-6.113566,54.443297,"HILLSBOROUGH ROAD","Other theft","BT252BL"
"264917","2016-08",-5.934694,54.599272,"DIVIS STREET","Theft from the person","BT124JP"
"112882","2015-09",-7.642306,54.346688,"WESLEY STREET","Anti-social behaviour","BT274TB"
"351443","2017-03",-5.938865,54.580116,"MALONE ROAD","Other theft","BT95BU"
"245934","2016-07",-5.904877,54.597673,"BRYSON STREET","Bicycle theft","BT54ES"
"341947","2017-02",-5.969975,54.58907,"ROCKMOUNT STREET","Violence and sexual offences","BT127PE"
"318718","2016-12",-6.661741,55.13656,"BUSHMILLS ROAD","Violence and sexual offences","BT522BP"
"97661","2015-08",-6.674929,54.689095,"SPRINGVALE","Anti-social behaviour","BT457QA"
"407239","2017-07",-5.947991,54.611494,"OLDPARK ROAD","Other theft","BT146QS"
"308711","2016-12",-6.1267,54.355467,"SHOT LANE","Anti-social behaviour","BT252PF"
"42548","2015-04",-6.001881,54.057377,"ELEASTAN PARK","Burglary","BT344DA"
"104881","2015-08",-6.526803,54.297702,"GOSFORD GARDENS","Violence and sexual offences","BT601PU"
"297717","2016-11",-6.271751,54.860006,"MOAT ROAD","Anti-social behaviour","BT424AA"
"406443","2017-07",-5.937639,54.584479,"ELMWOOD AVENUE","Drugs","BT96AZ"
"188092","2016-03",-5.928819,54.600385,"ROSEMARY STREET","Anti-social behaviour","BT11QB"
"55263","2015-05",-6.155978,54.412694,"BANBRIDGE ROAD","Anti-social behaviour","BT252NF"
"369875","2017-05",-5.934882,54.589437,"DONEGALL ROAD","Anti-social behaviour","BT126HN"
"200409","2016-04",-6.00311,54.573655,"SHAWS AVENUE","Anti-social behaviour","BT119QF"
"344233","2017-03",-6.030235,54.557019,"WOODSIDE VIEW","Anti-social behaviour","BT170ST"
"169832","2016-01",-6.442074,54.423696,"HIGH STREET","Other theft","BT248AB"
"233379","2016-06",-6.358768,54.449789,"MEADOWBROOK","Criminal damage and arson","BT655AA"
"29906","2015-03",-7.308972,55.030009,"LISCLOON DRIVE","Criminal damage and arson","BT488HS"
"315941","2016-12",-5.910804,54.563829,"SAINTFIELD ROAD","Shoplifting","BT88SG"
"357675","2017-04",-6.46205,54.421832,"ARDMORE CRESCENT","Anti-social behaviour","BT624DU"
"232295","2016-06",-7.454143,54.259093,"CARROWSHEE PARK","Burglary","BT920FS"
"37334","2015-04",-6.334572,54.182153,"GLIN REE COURT","Anti-social behaviour","BT341DL"
"210793","2016-04",-6.271575,54.346677,"OLD KENLIS STREET","Violence and sexual offences","BT323BD"
"247768","2016-07",-6.331879,54.455872,"RUSSELL DRIVE","Criminal damage and arson","BT668HE"
"340658","2017-02",-5.668893,54.63318,"ARDVANAGH DRIVE","Violence and sexual offences","BT237XQ"
"788","2015-01",-6.073626,54.523288,"EDENVALE GARDENS","Anti-social behaviour","BT282UT"
"207947","2016-04",-5.822666,54.712543,"RHANBUOY CLOSE","Other theft","BT388FF"
"475823","2017-12",-6.272854,54.847318,"DRUMTARA","Violence and sexual offences","BT423DG"
"338837","2017-02",-5.910685,54.58611,"RAVENHILL COURT","Other theft","BT68FS"
"358838","2017-04",-7.319883,55.025696,"CARNHILL","Anti-social behaviour","BT488BA"
"290886","2016-10",-5.93543,54.595116,"GLENGALL STREET","Other theft","BT125AB"
"127046","2015-10",-7.639065,54.346274,"MARKET STREET","Anti-social behaviour","BT622BP"
"463361","2017-11",-7.442427,54.36192,"TULLYREAGH ROAD","Violence and sexual offences","BT943GJ"
"240230","2016-07",-5.936644,54.59192,"SANDY ROW","Anti-social behaviour","BT125EU"
"441009","2017-10",-6.325333,54.159481,"ULSTER VILLAS","Anti-social behaviour","BT342NZ"
"257490","2016-08",-7.30036,55.018983,"GLENEAGLES","Anti-social behaviour","BT449PQ"
"114642","2015-09",-5.936427,54.59835,"COLLEGE PLACE NORTH","Criminal damage and arson","BT16BE"
"93178","2015-07",-6.278621,54.882986,"MILLFIELD","Violence and sexual offences","BT436PB"
"110289","2015-09",-6.668177,54.847718,"BROWN DRIVE","Anti-social behaviour","BT465HQ"
"62834","2015-05",-5.938806,54.625696,"SALISBURY AVENUE","Violence and sexual offences","BT155DY"
"360809","2017-04",-6.682984,54.327091,"BALLYARDS ROAD","Anti-social behaviour","BT603NS"
"220228","2016-05",-6.084517,54.478402,"HARRYS ROAD","Criminal damage and arson","BT266HJ"
"289250","2016-10",-6.344649,54.17416,"PETERS PLACE","Criminal damage and arson","BT358EE"
"400364","2017-07",-5.996945,54.756152,"BALLYCORR ROAD","Anti-social behaviour","BT399DD"
"292942","2016-10",-6.209781,54.501096,"MAGHABERRY ROAD","Vehicle crime","BT670JE"
"408386","2017-07",-7.361057,55.01364,"SPRINGTOWN ROAD","Vehicle crime","BT480LY"
"140397","2015-11",-6.278053,54.343293,"CLINE WALK","Anti-social behaviour","BT323JA"
"119163","2015-09",-6.614492,54.795595,"TOBERHEAD ROAD","Violence and sexual offences","BT458QZ"
"52004","2015-05",-6.352908,54.852716,"TUDOR VALE","Anti-social behaviour","BT421RA"
"289558","2016-10",-6.284773,54.863254,"GALGORM ROAD","Criminal damage and arson","BT421AA"
"301911","2016-11",-6.058297,54.500329,"BLARIS PARK","Criminal damage and arson","BT281NQ"
"307985","2016-12",-5.822134,54.721294,"TOWN PARK","Anti-social behaviour","BT388FG"
"391243","2017-06",-6.035859,54.100483,"AUGHRIM ROAD","Criminal damage and arson","BT344HR"
"54694","2015-05",-5.891717,54.401773,"WINDMILL AVENUE","Anti-social behaviour","BT388DH"
"135460","2015-10",-5.538288,54.634691,"CYPRESS CRESCENT","Violence and sexual offences","BT210QG"
"138352","2015-11",-6.664481,55.149814,"ELMS PARK","Anti-social behaviour","BT522QE"
"360537","2017-04",-5.933011,54.599199,"QUEEN STREET","Anti-social behaviour","BT422BQ"
"90536","2015-07",-5.961805,54.590325,"IVEAGH DRIVE","Violence and sexual offences","BT323YE"
"35286","2015-03",-6.073061,54.5084,"BALLYKNOCKEN PARK","Violence and sexual offences",NA
"88007","2015-07",-6.59584,54.708391,"BALLYMULLIGAN ROAD","Other theft","BT457TT"
"45106","2015-04",-5.893556,54.514516,"LOUGH ERNE PARK","Other theft","BT88PG"
"379625","2017-05",-5.930568,54.611053,"LUDLOW SQUARE","Other theft","BT152HA"
"169471","2016-01",-6.352837,54.159672,"ASHTON HEIGHTS","Other theft","BT358LR"
"339561","2017-02",-5.931754,54.598036,"FOUNTAIN STREET","Shoplifting","BT414BB"
"279543","2016-09",-6.341111,54.178389,"LOWER CATHERINE STREET","Violence and sexual offences","BT356BE"
"119156","2015-09",-5.993975,54.580485,"COOLNASILLA PARK EAST","Violence and sexual offences","BT118LA"
"293382","2016-10",-5.903409,54.205913,"GREENHILL PARK","Violence and sexual offences","BT668LT"
"267768","2016-08",-5.974881,54.591218,"WHITEROCK CRESCENT","Violence and sexual offences","BT127PN"
"306367","2016-11",-7.642306,54.346688,"WESLEY STREET","Violence and sexual offences","BT274TB"
"41467","2015-04",-5.798168,54.506913,"TULLYGARVAN ROAD","Anti-social behaviour","BT236LX"
"346875","2017-03",-5.751294,54.551507,"MILL STREET","Anti-social behaviour","BT941GR"
"230876","2016-06",-7.278686,54.598693,"MCCLAY PARK","Anti-social behaviour","BT790DF"
"65462","2015-06",-5.655007,54.640297,"WILLOWBROOK GARDENS","Anti-social behaviour","BT197GQ"
"310662","2016-12",-5.907355,54.593115,"SPRING PLACE","Anti-social behaviour","BT68HD"
"142962","2015-11",-5.938867,54.622651,"HOPEFIELD AVENUE","Criminal damage and arson","BT155AP"
"362042","2017-04",-5.919557,54.572911,"AILESBURY GARDENS","Bicycle theft","BT73FJ"
"33124","2015-03",-6.317668,54.482026,"O'NEILLS TERRACE","Vehicle crime","BT679LH"
"15370","2015-02",-6.686812,55.138055,"PRINCESS GARDENS","Anti-social behaviour","BT180PN"
"159918","2015-12",-6.64749,54.890861,"HILLSIDE ROAD","Violence and sexual offences","BT546HZ"
"56552","2015-05",-6.59798,54.321722,"MARKETHILL ROAD","Burglary","BT623SL"
"138913","2015-11",-6.219333,54.80298,"TRENCH COURT","Anti-social behaviour","BT423LW"
"308420","2016-12",-6.205845,54.338889,"MILLBANK VIEW","Anti-social behaviour","BT325JL"
"211829","2016-04",-5.902077,54.54348,"BALLYLENAGHAN PARK","Violence and sexual offences","BT86WP"
"274120","2016-09",-6.471832,55.072062,"LANDHEAD ROAD","Burglary","BT537HD"
"196577","2016-03",-5.941492,54.659264,"BELLEVUE PARK","Vehicle crime","BT367QD"
"410445","2017-07",-7.265991,55.030476,"TEMPLE ROAD","Violence and sexual offences","BT282PD"
"238940","2016-06",-6.220511,54.621378,"CAMLIN GARDENS","Violence and sexual offences","BT294XJ"
"264896","2016-08",-5.74428,54.55143,"BRIDGE STREET LINK","Shoplifting","BT235YH"
"161680","2015-12",-5.934882,54.589437,"DONEGALL ROAD","Violence and sexual offences","BT126HN"
"459420","2017-11",-6.749926,54.647121,"BURN ROAD","Drugs","BT808DN"
"457056","2017-11",-7.326392,55.036575,"FERNDALE PARK","Anti-social behaviour","BT473XB"
"450614","2017-10",-5.8659,54.696025,"JOHNSTONE COURT","Violence and sexual offences","BT388FA"
"193744","2016-03",-6.760045,54.651591,"MALOON WAY","Criminal damage and arson","BT808WX"
"345285","2017-03",-6.51431,55.066892,"SEYMOUR STREET","Anti-social behaviour","BT536JR"
"199644","2016-03",-5.933066,54.591086,"DUBLIN ROAD","Violence and sexual offences","BT358QP"
"17029","2015-02",-6.140992,54.193498,"ARDMORE DRIVE","Criminal damage and arson","BT601JB"
"56008","2015-05",-5.709546,54.753003,"CHESTER AVENUE","Burglary","BT389QQ"
"93552","2015-08",-5.896876,54.589591,"CASTLEREAGH ROAD","Anti-social behaviour","BT55FZ"
"312600","2016-12",-7.641433,54.346371,"HALLS LANE","Burglary","BT747DR"
"21743","2015-02",-5.790107,54.584965,"LONGSTONE CLOSE","Violence and sexual offences","BT162DY"
"376602","2017-05",-5.699252,54.593389,"MILL STREET","Criminal damage and arson","BT941GR"
"192777","2016-03",-6.711951,54.548314,"THE SHANOCH","Criminal damage and arson","BT714XA"
"336367","2017-02",-6.032761,54.552397,"LAGMORE MEADOWS","Burglary","BT170TH"
"314930","2016-12",-6.272271,54.858046,"LARNE ROAD","Other theft","BT423AX"
"440779","2017-10",-5.634468,54.66291,"ALANWOOD PARK","Anti-social behaviour","BT205PT"
"232429","2016-06",-7.457983,54.833081,"NANCYS LANE","Burglary","BT828LA"
"412509","2017-08",-6.340083,54.467278,"ALBERT MEWS","Anti-social behaviour","BT666SZ"
"208878","2016-04",-5.890692,54.597875,"EAST BREAD STREET","Shoplifting","BT55AP"
"413597","2017-08",-6.708158,55.173838,"OLD MILL GRANGE","Anti-social behaviour","BT557GE"
"155107","2015-12",-5.934847,54.646051,"ANTRIM ROAD","Criminal damage and arson","BT152AH"
"112757","2015-09",-7.349664,54.998067,"RATHMORE PARK","Anti-social behaviour","BT489BT"
"164002","2016-01",-6.340536,54.465622,"RECTORY PARK","Anti-social behaviour","BT666HP"
"442145","2017-10",-5.929306,54.600232,"ROSEMARY STREET","Anti-social behaviour","BT11QB"
"91193","2015-07",-7.65348,54.34734,"GALLIAGH SHORE","Violence and sexual offences","BT747GS"
"368247","2017-04",-5.959048,54.619767,"ALLIANCE CLOSE","Violence and sexual offences","BT147RN"
"300608","2016-11",-5.939884,54.576485,"SYCAMORE PARK","Burglary","BT370NR"
"274060","2016-09",-6.670838,55.131755,"THE DIAMOND","Burglary","BT486PE"
"156048","2015-12",-5.925803,54.584511,"CAIRO STREET","Criminal damage and arson","BT71QS"
"450964","2017-10",-5.80051,54.258397,"WARREN CLOSE","Violence and sexual offences","BT308AF"
"171703","2016-01",-7.332751,54.996529,"WESTEND PARK","Violence and sexual offences",NA
"58299","2015-05",-7.345318,54.978021,"STONEY WOOD","Drugs","BT472AE"
"10242","2015-01",-5.992059,54.750356,"COLLIN VIEW","Violence and sexual offences","BT399AR"
"434643","2017-09",-5.923939,54.58376,"AGINCOURT AVENUE","Other theft","BT71QD"
"59905","2015-05",-5.946384,54.662735,"BELLEVUE MANOR","Possession of weapons","BT283NU"
"357980","2017-04",-7.044257,55.042869,"CLOONEY ROAD","Anti-social behaviour","BT473DZ"
"453682","2017-11",-7.475372,54.820609,"LISNAFIN PARK","Anti-social behaviour","BT829DJ"
"312356","2016-12",-5.88321,54.576558,"GLENSHARRAGH GARDENS","Burglary","BT69PE"
"413796","2017-08",-6.786915,54.269362,"DRUMHILLERY PARK","Anti-social behaviour","BT603QL"
"270947","2016-09",-7.650937,54.720542,"MAGHERENNY ROAD","Anti-social behaviour","BT817TX"
"456326","2017-11",-7.463251,54.818445,"BALLYCOLMAN ROAD","Anti-social behaviour","BT829PH"
"312171","2016-12",-6.275819,54.868688,"THOMAS STREET","Bicycle theft","BT701HN"
"151622","2015-12",-5.909936,54.674384,"PRINCES CRESCENT","Anti-social behaviour","BT370BB"
"245601","2016-07",-5.711967,54.323495,"RACECOURSE HILL","Anti-social behaviour","BT306PU"
"204686","2016-04",-5.928256,54.6014,"DONEGALL STREET","Bicycle theft","BT12GQ"
"357301","2017-04",-5.702351,54.595523,"WEST STREET","Anti-social behaviour","BT389HR"
"3713","2015-01",-5.893548,54.590512,"GROVE STREET EAST","Anti-social behaviour","BT55GG"
"149900","2015-12",-6.64513,54.491793,"TAMNAMORE CLOSE","Anti-social behaviour","BT716HN"
"309624","2016-12",-7.322908,55.001154,"CLARENDON STREET","Anti-social behaviour","BT487ET"
"371710","2017-05",-5.899683,54.693677,"MOUNT PLEASANT ROAD","Anti-social behaviour","BT370NQ"
"444646","2017-10",-6.422093,54.422826,"ULSTERVILLE PARK","Anti-social behaviour","BT635EY"
"318245","2016-12",-6.637117,55.196043,"BALLYWILLIN CRESCENT","Violence and sexual offences","BT568GJ"
"131237","2015-10",-6.049408,54.513538,"ANTRIM STREET","Drugs","BT281AU"
"242531","2016-07",-5.991975,54.681118,"LOWER ROGAN MANOR","Anti-social behaviour","BT364BE"
"209260","2016-04",-5.950804,54.631901,"SUNNINGDALE PARK NORTH","Vehicle crime","BT146RZ"
"5094","2015-01",-5.7158,54.405706,"BALLYWILLIN ROAD","Criminal damage and arson","BT568JL"
"457221","2017-11",-5.884379,54.600254,"CONNSBROOK AVENUE","Anti-social behaviour","BT41JW"
"198417","2016-03",-5.882225,54.392307,"CRABTREE ROAD","Violence and sexual offences","BT325HP"
"323021","2017-01",-7.326597,54.999199,"LOWER ROAD","Anti-social behaviour","BT487DP"
"86531","2015-07",-7.325996,55.000579,"PRINCES STREET","Criminal damage and arson","BT435EA"
"98719","2015-08",-5.925779,54.586208,"DUDLEY STREET","Anti-social behaviour","BT71GW"
"419937","2017-08",-6.340811,54.182059,"BARRACK STREET","Criminal damage and arson","BT714LS"
"341484","2017-02",-5.935601,54.615901,"NEWINGTON AVENUE","Violence and sexual offences","BT401NN"
"237957","2016-06",-5.904098,54.557424,"NEWTON PARK","Violence and sexual offences","BT86LL"
"338973","2017-02",-6.270981,54.856886,"BROOKE PARK","Other theft","BT423BL"
"109028","2015-09",-6.184741,54.70903,"THISTLEWOOD GARDENS","Anti-social behaviour","BT411QB"
"13525","2015-02",-5.703792,54.587248,"ARDMILLAN CRESCENT","Anti-social behaviour","BT234PW"
"280074","2016-09",-6.708435,54.244783,"LAKE ROAD","Violence and sexual offences","BT350LR"
"81782","2015-07",-6.27277,54.351555,"REILLY STREET","Anti-social behaviour","BT323DW"
"187782","2016-03",-6.346725,54.455968,"TAGHNEVAN DRIVE","Anti-social behaviour","BT668SY"
"368518","2017-04",-6.689084,55.125656,"GREENHALL HIGHWAY","Violence and sexual offences","BT513EW"
"28655","2015-03",-5.983249,54.668538,"MAYFIELD PARK","Burglary","BT367WJ"
"164430","2016-01",-6.058642,54.521701,"ASHFORD HALL","Anti-social behaviour","BT283YT"
"167850","2016-01",-6.358693,54.184227,"PARKHEAD CRESCENT","Criminal damage and arson","BT358PE"
"9022","2015-01",-6.282285,54.354269,"BROOKDALE","Violence and sexual offences","BT323FD"
"5724","2015-01",-6.663412,54.342868,"DRUMARG PARK","Criminal damage and arson","BT604AQ"
"304346","2016-11",-5.916331,54.652445,"SHORE ROAD","Shoplifting","BT413NW"
"327675","2017-01",-5.99491,54.750808,"BALLYNURE ROAD","Other theft","BT399AJ"
"476541","2017-12",-6.466256,54.423916,"CORCRAIN DRIVE","Violence and sexual offences","BT624DR"
"310932","2016-12",-5.814929,54.850459,"CIRCULAR ROAD","Anti-social behaviour","BT234EU"
"439924","2017-10",-6.635333,54.338726,"GREENFIELD WAY","Anti-social behaviour","BT601NH"
"395360","2017-06",-6.266506,54.352022,"CHURCH SQUARE","Violence and sexual offences","BT345PT"
"377604","2017-05",-6.947728,55.037868,"O'CAHAN WAY","Criminal damage and arson","BT499DG"
"66783","2015-06",-6.033379,54.547915,"LAGMORE DALE","Anti-social behaviour","BT170TQ"
"389572","2017-06",-6.265456,54.342977,"SUMMERHILL GREEN","Anti-social behaviour","BT323GY"
"270905","2016-09",-5.677489,54.637532,"BEECHFIELD DRIVE","Anti-social behaviour","BT210BA"
"463879","2017-11",-5.956349,54.597322,"WATERFORD GARDENS","Violence and sexual offences","BT132QL"
"472539","2017-12",-5.716341,54.333327,"NEW BRIDGE STREET","Other theft","BT306EX"
"432988","2017-09",-6.342401,54.169862,"POOL LANE","Criminal damage and arson","BT358AW"
"459299","2017-11",-6.026321,54.553568,"JUNIPER PARK","Criminal damage and arson","BT170BB"
"472375","2017-12",-6.794445,54.639397,"OAKLAND VILLAS","Drugs","BT797LG"
"182148","2016-02",-6.263768,54.87362,"BROUGHSHANE ROAD","Possession of weapons","BT437DX"
"36957","2015-04",-6.040631,54.510125,"LINENHALL STREET","Anti-social behaviour","BT490HQ"
"226962","2016-06",-6.160918,54.236816,"CHURCH SQUARE","Anti-social behaviour","BT345PT"
"44851","2015-04",-6.251038,54.862863,"RONA GARDENS","Drugs","BT424DU"
"49260","2015-04",-5.968011,54.590286,"FALLS ROAD","Violence and sexual offences","BT119AB"
"450741","2017-10",-6.458944,54.414282,"FITZGERALD PARK","Violence and sexual offences","BT623QR"
"390759","2017-06",-6.362213,54.438039,"LARKFIELD MEADOWS","Criminal damage and arson","BT655JB"
"441297","2017-10",-5.921936,54.653737,"OLD MILL DRIVE","Anti-social behaviour","BT367XP"
"366070","2017-04",-6.389899,54.452867,"LAKELANDS","Shoplifting","BT641AZ"
"364959","2017-04",-5.938253,54.5512,"MAHEE CLOSE","Other theft","BT87EP"
"339754","2017-02",-5.929328,54.598579,"CASTLE LANE","Shoplifting","BT235EB"
"202602","2016-04",-5.961116,54.687638,"BALLYCRAIGY GARDENS","Anti-social behaviour","BT365XE"
"111083","2015-09",-5.810241,54.591459,"LEATHEM SQUARE","Anti-social behaviour","BT162QL"
"372201","2017-05",-5.892945,54.222067,"BURRENVIEW COURT","Anti-social behaviour","BT330JG"
"123712","2015-10",-6.334754,54.46937,"WOODVILLE STREET","Anti-social behaviour","BT679DQ"
"369588","2017-04",-6.334055,54.459999,"BRIDGE STREET","Violence and sexual offences","BT281XZ"
"51462","2015-05",-6.775904,54.503771,"FAIRMOUNT PARK","Anti-social behaviour","BT701EB"
"275161","2016-09",-5.977127,54.605201,"HIGHBURN GARDENS","Criminal damage and arson","BT133RJ"
"177631","2016-02",-5.937648,54.592261,"ROWLAND WAY","Anti-social behaviour","BT125BZ"
"280230","2016-09",-5.930334,54.599189,"CASTLE STREET","Violence and sexual offences","BT307QQ"
"130133","2015-10",-7.332983,55.004201,"WESLEY STREET","Criminal damage and arson","BT274TB"
"131346","2015-10",-6.030026,54.516135,"VICTORY STREET","Drugs","BT274TP"
"57093","2015-05",-5.901527,54.59031,"WILLOWFIELD GARDENS","Criminal damage and arson","BT69AZ"
"252378","2016-07",-7.322053,54.999964,"STRAND ROAD","Violence and sexual offences","BT487AD"
"260834","2016-08",-6.272345,54.847571,"DRUMTARA","Burglary","BT423DG"
"413634","2017-08",-5.917032,54.59693,"MAYS MEADOW","Anti-social behaviour","BT13BL"
"380765","2017-05",-6.658619,54.360675,"ST. BRIGIDS HILL","Violence and sexual offences","BT617PA"
"279010","2016-09",-6.015465,54.570201,"SUFFOLK ROAD","Violence and sexual offences","BT119PE"
"269542","2016-09",-7.335502,54.999329,"MARLBOROUGH ROAD","Anti-social behaviour","BT489BH"
"86485","2015-07",-6.645711,55.201457,"CAUSEWAY STREET","Criminal damage and arson","BT568AB"
"461165","2017-11",-5.918531,54.568455,"MOYALLON GARDENS","Public order","BT73JQ"
"110168","2015-09",-7.471975,54.825813,"CARRICK STRAND","Anti-social behaviour","BT829RN"
"156281","2015-12",-6.005624,54.062129,"HARBOUR ROAD","Criminal damage and arson","BT221EA"
"111462","2015-09",-5.960296,54.684201,"GLEBE ROAD","Anti-social behaviour","BT413DT"
"185166","2016-02",-6.047962,54.509543,"MARKET PLACE","Violence and sexual offences","BT281AN"
"250075","2016-07",-6.333109,54.460516,"CORONATION STREET","Shoplifting","BT623BA"
"312546","2016-12",-5.916118,54.579079,"NORTH PARADE","Burglary","BT72GJ"
"354338","2017-03",-5.967557,54.555605,"MALTON RISE","Violence and sexual offences","BT96HY"
"148426","2015-11",-6.027901,54.510565,"ASHMOUNT GARDENS","Violence and sexual offences","BT275DB"
"443017","2017-10",-6.520727,54.296226,"BUNKER HILL","Anti-social behaviour","BT601RD"
"417992","2017-08",-6.257769,54.344744,"WHYTE ACRES","Burglary","BT324HZ"
"464567","2017-11",-6.277105,54.858258,"QUEEN STREET","Violence and sexual offences","BT422BQ"
"212611","2016-04",-6.92444,55.148586,"SEACOAST ROAD","Other crime","BT499DW"
"211970","2016-04",-7.330093,55.007895,"GLENVIEW STREET","Violence and sexual offences","BT480DZ"
"99364","2015-08",-7.297527,54.61245,"LISANELLY HEIGHTS","Burglary","BT797AR"
"53929","2015-05",-5.815336,54.857034,"WATERLOO ROAD","Anti-social behaviour","BT275NW"
"10205","2015-01",-6.648884,54.346057,"NEWRY ROAD","Violence and sexual offences","BT323NB"
"40449","2015-04",-5.796356,54.731799,"VICTORIA RISE","Anti-social behaviour","BT387UR"
"263774","2016-08",-5.923546,54.551946,"CASTLEDILLON ROAD","Other theft","BT87BH"
"43302","2015-04",-5.665078,54.647851,"SKIPPERSTONE ROAD","Criminal damage and arson","BT204ES"
"199265","2016-03",-5.959099,54.591519,"IRWELL COURT","Violence and sexual offences","BT126EZ"
"405739","2017-07",-6.071181,54.516196,"DRUMARD DRIVE","Criminal damage and arson","BT282HY"
"193313","2016-03",-5.987889,54.594427,"SPRINGFIELD ROAD","Criminal damage and arson","BT205BZ"
"220253","2016-05",-6.033432,54.51468,"WESLEY STREET","Criminal damage and arson","BT274TB"
"247524","2016-07",-5.939137,54.610265,"VICINAGE PARK","Criminal damage and arson","BT146BA"
"290719","2016-10",-5.925779,54.586208,"DUDLEY STREET","Other theft","BT71GW"
"292793","2016-10",-6.252546,54.100358,"CHURCH LANE","Vehicle crime","BT14QN"
"244346","2016-07",-6.357948,54.373571,"CASTLEVIEW","Anti-social behaviour","BT636JR"
"257106","2016-08",-6.035936,54.508522,"MONTGOMERY DRIVE","Anti-social behaviour","BT275HR"
"319696","2016-12",-5.937749,54.582001,"WELLESLEY AVENUE","Other crime","BT96DG"
"359866","2017-04",-5.98268,54.597135,"DIVISMORE PARK","Anti-social behaviour","BT127JE"
"191689","2016-03",-6.123097,54.515953,"BROOKMOUNT ROAD","Burglary","BT785HZ"
"51047","2015-05",-6.410414,54.34997,"OLD MILL","Anti-social behaviour","BT622JH"
"259606","2016-08",-5.941303,54.61519,"CLIFTONVILLE ROAD","Anti-social behaviour","BT146JN"
"90607","2015-07",-7.354372,55.015276,"INCH VIEW","Violence and sexual offences","BT480QS"
"140257","2015-11",-6.333434,54.465417,"NORTH STREET","Anti-social behaviour","BT341DB"
"172808","2016-01",-7.32182,55.033172,"ELAGHMORE PARK","Violence and sexual offences","BT488DX"
"103808","2015-08",-7.277917,54.998614,"DURHAM PARK","Shoplifting","BT475YD"
"212069","2016-04",-6.775254,54.500719,"BEECHVALLEY","Violence and sexual offences","BT717BN"
"376688","2017-05",-5.956096,54.588773,"DONEGALL ROAD","Criminal damage and arson","BT126HN"
"243558","2016-07",-6.32573,54.447089,"CORBY DRIVE","Anti-social behaviour","BT283HG"
